CREATE DATABASE  IF NOT EXISTS `library_db` /*!40100 DEFAULT CHARACTER SET utf8mb3 */ /*!80016 DEFAULT ENCRYPTION='N' */;
USE `library_db`;
-- MySQL dump 10.13  Distrib 8.0.41, for macos15 (x86_64)
--
-- Host: 127.0.0.1    Database: library_db
-- ------------------------------------------------------
-- Server version	9.2.0-commercial

/*!40101 SET @OLD_CHARACTER_SET_CLIENT=@@CHARACTER_SET_CLIENT */;
/*!40101 SET @OLD_CHARACTER_SET_RESULTS=@@CHARACTER_SET_RESULTS */;
/*!40101 SET @OLD_COLLATION_CONNECTION=@@COLLATION_CONNECTION */;
/*!50503 SET NAMES utf8 */;
/*!40103 SET @OLD_TIME_ZONE=@@TIME_ZONE */;
/*!40103 SET TIME_ZONE='+00:00' */;
/*!40014 SET @OLD_UNIQUE_CHECKS=@@UNIQUE_CHECKS, UNIQUE_CHECKS=0 */;
/*!40014 SET @OLD_FOREIGN_KEY_CHECKS=@@FOREIGN_KEY_CHECKS, FOREIGN_KEY_CHECKS=0 */;
/*!40101 SET @OLD_SQL_MODE=@@SQL_MODE, SQL_MODE='NO_AUTO_VALUE_ON_ZERO' */;
/*!40111 SET @OLD_SQL_NOTES=@@SQL_NOTES, SQL_NOTES=0 */;

--
-- Table structure for table `authors`
--

DROP TABLE IF EXISTS `authors`;
/*!40101 SET @saved_cs_client     = @@character_set_client */;
/*!50503 SET character_set_client = utf8mb4 */;
CREATE TABLE `authors` (
  `author_id` int NOT NULL,
  `author_name` varchar(45) NOT NULL,
  `author_lastname` varchar(45) NOT NULL,
  PRIMARY KEY (`author_id`),
  UNIQUE KEY `author_id_UNIQUE` (`author_id`)
) ENGINE=InnoDB DEFAULT CHARSET=utf8mb3;
/*!40101 SET character_set_client = @saved_cs_client */;

--
-- Dumping data for table `authors`
--

LOCK TABLES `authors` WRITE;
/*!40000 ALTER TABLE `authors` DISABLE KEYS */;
INSERT INTO `authors` VALUES (1,'Джоан','Роулинг'),(2,'Рэй','Брэдбери'),(3,'Джордж','Оруэлл'),(4,'Джейн','Остен'),(5,'Маргарет','Митчелл'),(6,'Френсис Скотт','Фицджеральд'),(7,'Джон','Толкин'),(8,'Клайв','Льюис'),(9,'Харпер','Ли'),(10,'Эрих Мария','Ремарк'),(11,'Джон','Фаулз'),(12,'Дэниел','Киз'),(13,'Оскар','Уайльд'),(14,'Льюис','Кэрролл'),(15,'Артур','Конан Дойл'),(16,'Джек','Лондон'),(17,'Виктор','Гюго'),(18,'Шарлотта','Бронте'),(19,'Михаил','Булгаков'),(20,'Михаил','Шолохов'),(21,'Лев','Толстой'),(22,'Николай','Гоголь'),(23,'Федор','Достоевский'),(24,'Александр','Пушкин'),(25,'Иван','Тургеньев'),(26,'Илья','Ильф'),(27,'Евгений','Петров'),(28,'Антон','Чехов'),(29,'Сергей','Есенин'),(30,'Александр','Куприн'),(31,'Михаил','Лермонтов'),(32,'Аркадий','Стругацкий'),(33,'Борис','Стругацкий'),(34,'Никифор','Костин'),(35,'Александр','Барсуков'),(36,'Геннадий','Бондаренко'),(37,'Алексей','Макаров'),(38,'Ульям','Фултон'),(39,'Джо','Харрис'),(40,'Андрей','Руденко'),(41,'Сергей','Самыгин'),(42,'Руслан','Мальсагов'),(43,'Оник','Саакян'),(44,'Екатерина','Кругова'),(45,'Наталия','Карпова'),(46,'Олег','Кускашев'),(47,'Анна','Горшкова'),(48,'Ирина','Ильина'),(49,'Лилия','Кузнецова'),(50,'Ольга','Нефонтова'),(51,'Гасилин','Андрей'),(52,'Юлия','Стрельникова'),(53,'Дмитрий','Гук'),(54,'Анатолий','Федоров'),(55,'Сызранская уездная конференция','(17 , 1924)'),(56,'Симпозиум по легочной патологии','(1962)'),(57,'Лаборатория аэрометодов','(Ленинград)'),(58,'Боорис','Чиханов'),(59,'Василий','Новиков'),(60,'Юрий','Ерохин');
/*!40000 ALTER TABLE `authors` ENABLE KEYS */;
UNLOCK TABLES;

--
-- Table structure for table `book_author`
--

DROP TABLE IF EXISTS `book_author`;
/*!40101 SET @saved_cs_client     = @@character_set_client */;
/*!50503 SET character_set_client = utf8mb4 */;
CREATE TABLE `book_author` (
  `author_id` int NOT NULL,
  `book_id` int NOT NULL,
  PRIMARY KEY (`author_id`,`book_id`),
  KEY `book_id_FK_BA_idx` (`book_id`),
  CONSTRAINT `author_id_FK_A` FOREIGN KEY (`author_id`) REFERENCES `authors` (`author_id`),
  CONSTRAINT `book_id_FK_BA` FOREIGN KEY (`book_id`) REFERENCES `books` (`book_id`)
) ENGINE=InnoDB DEFAULT CHARSET=utf8mb3;
/*!40101 SET character_set_client = @saved_cs_client */;

--
-- Dumping data for table `book_author`
--

LOCK TABLES `book_author` WRITE;
/*!40000 ALTER TABLE `book_author` DISABLE KEYS */;
INSERT INTO `book_author` VALUES (1,1),(1,2),(1,3),(1,4),(1,5),(1,6),(1,7),(1,8),(2,9),(3,10),(4,11),(5,12),(6,13),(7,14),(8,15),(9,16),(10,17),(10,18),(10,19),(10,20),(2,21),(2,22),(3,23),(11,24),(12,25),(12,26),(13,27),(14,28),(14,29),(15,30),(15,31),(15,32),(15,33),(16,34),(16,35),(17,36),(18,37),(19,38),(19,39),(19,40),(19,41),(20,42),(20,43),(20,44),(21,45),(21,46),(22,47),(22,48),(22,49),(22,50),(23,51),(23,52),(23,53),(23,54),(24,55),(24,56),(24,57),(24,58),(24,59),(24,60),(25,61),(25,62),(26,63),(27,63),(26,64),(27,64),(26,65),(27,65),(28,66),(28,67),(28,68),(28,69),(28,70),(29,71),(30,72),(30,73),(30,74),(31,75),(31,76),(31,77),(31,78),(32,79),(33,79),(32,80),(33,80),(32,81),(33,81),(34,82),(35,83),(35,84),(36,85),(37,86),(38,87),(39,87),(40,88),(41,88),(42,89),(43,90),(44,91),(45,92),(46,93),(47,94),(48,95),(49,96),(50,97),(51,98),(52,99),(53,100),(54,101),(55,102),(56,103),(57,104),(58,105),(58,106),(58,107),(59,108),(60,109),(60,110);
/*!40000 ALTER TABLE `book_author` ENABLE KEYS */;
UNLOCK TABLES;

--
-- Table structure for table `book_copies`
--

DROP TABLE IF EXISTS `book_copies`;
/*!40101 SET @saved_cs_client     = @@character_set_client */;
/*!50503 SET character_set_client = utf8mb4 */;
CREATE TABLE `book_copies` (
  `copy_id` int NOT NULL,
  `book_id` int NOT NULL,
  `publisher_id` int NOT NULL,
  `status` enum('Аренда','Доступно','Списано') DEFAULT NULL,
  PRIMARY KEY (`copy_id`),
  UNIQUE KEY `copy_id_UNIQUE` (`copy_id`),
  KEY `book_id_idx` (`book_id`),
  KEY `publisher_id_idx` (`publisher_id`),
  CONSTRAINT `book_id_FK_B` FOREIGN KEY (`book_id`) REFERENCES `books` (`book_id`),
  CONSTRAINT `publisher_id_FK_P` FOREIGN KEY (`publisher_id`) REFERENCES `publishers` (`publisher_id`)
) ENGINE=InnoDB DEFAULT CHARSET=utf8mb3;
/*!40101 SET character_set_client = @saved_cs_client */;

--
-- Dumping data for table `book_copies`
--

LOCK TABLES `book_copies` WRITE;
/*!40000 ALTER TABLE `book_copies` DISABLE KEYS */;
INSERT INTO `book_copies` VALUES (1,1,1,'Доступно'),(2,2,2,'Доступно'),(3,3,3,'Доступно'),(4,3,4,'Доступно'),(5,4,5,'Аренда'),(6,5,6,'Доступно'),(7,6,7,'Доступно'),(8,7,8,'Списано'),(9,8,9,'Доступно'),(10,9,1,'Доступно'),(11,9,2,'Доступно'),(12,10,3,'Доступно'),(13,11,4,'Доступно'),(14,12,5,'Доступно'),(15,13,6,'Доступно'),(16,14,7,'Доступно'),(17,14,8,'Доступно'),(18,15,9,'Доступно'),(19,16,1,'Доступно'),(20,17,2,'Списано'),(21,18,3,'Доступно'),(22,19,4,'Доступно'),(23,20,5,'Доступно'),(24,21,1,'Доступно'),(25,22,2,'Доступно'),(26,23,3,'Доступно'),(27,23,4,'Доступно'),(28,24,5,'Доступно'),(29,25,6,'Доступно'),(30,26,7,'Доступно'),(31,27,8,'Списано'),(32,28,9,'Доступно'),(33,29,1,'Доступно'),(34,29,2,'Доступно'),(35,30,3,'Доступно'),(36,31,4,'Доступно'),(37,32,5,'Доступно'),(38,33,6,'Доступно'),(39,34,7,'Доступно'),(40,34,8,'Доступно'),(41,35,9,'Аренда'),(42,36,1,'Доступно'),(43,37,2,'Доступно'),(44,38,3,'Доступно'),(45,39,4,'Доступно'),(46,40,5,'Доступно'),(47,41,6,'Доступно'),(48,42,7,'Доступно'),(49,43,8,'Доступно'),(50,44,9,'Доступно'),(51,45,1,'Доступно'),(52,46,2,'Доступно'),(53,47,3,'Доступно'),(54,48,4,'Доступно'),(55,49,5,'Списано'),(56,50,6,'Доступно'),(57,50,7,'Доступно'),(58,51,8,'Доступно'),(59,52,9,'Доступно'),(60,53,1,'Доступно'),(61,54,2,'Доступно'),(62,55,3,'Доступно'),(63,56,4,'Доступно'),(64,57,5,'Доступно'),(65,58,6,'Доступно'),(66,59,7,'Доступно'),(67,60,8,'Доступно'),(68,61,9,'Доступно'),(69,62,1,'Доступно'),(70,63,2,'Аренда'),(71,64,3,'Доступно'),(72,65,4,'Списано'),(73,66,5,'Доступно'),(74,67,6,'Доступно'),(75,68,7,'Доступно'),(76,69,8,'Доступно'),(77,70,9,'Доступно'),(78,71,1,'Доступно'),(79,72,2,'Доступно'),(80,73,3,'Доступно'),(81,74,4,'Доступно'),(82,75,5,'Доступно'),(83,76,6,'Доступно'),(84,77,7,'Доступно'),(85,78,8,'Доступно'),(86,79,9,'Доступно'),(87,80,1,'Доступно'),(88,81,2,'Доступно'),(89,82,3,'Доступно'),(90,83,4,'Доступно'),(91,84,5,'Доступно'),(92,85,6,'Доступно'),(93,86,7,'Доступно'),(94,87,8,'Доступно'),(95,88,9,'Доступно'),(96,89,1,'Доступно'),(97,90,2,'Доступно'),(98,91,3,'Доступно'),(99,92,4,'Доступно'),(100,93,5,'Доступно'),(101,94,6,'Доступно'),(102,95,7,'Доступно'),(103,96,8,'Доступно'),(104,97,9,'Доступно'),(105,98,1,'Доступно'),(106,99,2,'Доступно'),(107,100,3,'Доступно'),(108,101,4,'Доступно'),(109,102,5,'Доступно'),(110,103,6,'Доступно'),(111,104,7,'Доступно'),(112,105,8,'Доступно'),(113,106,9,'Доступно'),(114,107,1,'Доступно'),(115,108,2,'Доступно'),(116,109,3,'Списано'),(117,110,4,'Списано');
/*!40000 ALTER TABLE `book_copies` ENABLE KEYS */;
UNLOCK TABLES;

--
-- Table structure for table `book_genre`
--

DROP TABLE IF EXISTS `book_genre`;
/*!40101 SET @saved_cs_client     = @@character_set_client */;
/*!50503 SET character_set_client = utf8mb4 */;
CREATE TABLE `book_genre` (
  `genre_id` int NOT NULL,
  `book_id` int NOT NULL,
  PRIMARY KEY (`genre_id`,`book_id`),
  KEY `book_id_idx` (`book_id`),
  CONSTRAINT `book_id_FK_BI` FOREIGN KEY (`book_id`) REFERENCES `books` (`book_id`),
  CONSTRAINT `genre_id_FK` FOREIGN KEY (`genre_id`) REFERENCES `genres` (`genre_id`)
) ENGINE=InnoDB DEFAULT CHARSET=utf8mb3;
/*!40101 SET character_set_client = @saved_cs_client */;

--
-- Dumping data for table `book_genre`
--

LOCK TABLES `book_genre` WRITE;
/*!40000 ALTER TABLE `book_genre` DISABLE KEYS */;
INSERT INTO `book_genre` VALUES (1,1),(2,1),(3,1),(4,1),(1,2),(2,2),(3,2),(4,2),(1,3),(2,3),(3,3),(4,3),(1,4),(2,4),(4,4),(1,5),(2,5),(4,5),(1,6),(2,6),(4,6),(1,7),(2,7),(4,7),(1,8),(2,8),(4,8),(5,9),(8,9),(24,9),(5,10),(24,10),(1,11),(5,11),(21,11),(1,12),(5,12),(25,12),(1,13),(5,13),(20,13),(1,14),(2,14),(1,15),(2,15),(1,16),(25,16),(27,16),(1,17),(26,17),(1,18),(25,18),(26,18),(1,19),(26,19),(1,20),(1,21),(11,22),(6,23),(24,23),(1,24),(27,24),(1,25),(8,25),(10,25),(1,26),(8,26),(10,26),(1,27),(3,28),(4,28),(19,28),(3,29),(4,29),(19,29),(6,30),(7,30),(6,31),(7,31),(6,32),(7,32),(6,33),(7,33),(1,34),(6,35),(1,36),(20,36),(1,37),(21,37),(1,38),(8,38),(9,38),(6,39),(8,39),(9,39),(24,39),(9,40),(11,40),(1,41),(9,41),(25,41),(1,42),(9,42),(9,43),(10,43),(1,44),(9,44),(25,44),(26,44),(1,45),(9,45),(21,45),(1,46),(9,46),(21,46),(25,46),(26,46),(1,47),(9,47),(9,48),(28,48),(6,49),(9,49),(21,49),(25,49),(6,50),(9,50),(11,50),(1,51),(9,51),(1,52),(9,52),(1,53),(9,53),(1,54),(9,54),(6,55),(9,55),(9,56),(15,56),(17,56),(1,57),(9,57),(25,57),(1,58),(9,58),(9,59),(11,59),(15,59),(9,60),(11,60),(15,60),(1,61),(9,61),(6,62),(9,62),(1,63),(9,63),(28,63),(1,64),(9,64),(28,64),(1,65),(9,65),(9,66),(18,66),(20,66),(9,67),(18,67),(20,67),(6,68),(9,68),(10,68),(9,69),(10,69),(11,69),(11,70),(28,70),(9,71),(11,71),(15,71),(6,72),(9,72),(6,73),(9,73),(6,74),(9,74),(1,75),(9,75),(9,76),(15,76),(9,77),(17,77),(9,78),(11,78),(8,79),(9,79),(8,80),(9,80),(28,80),(8,81),(9,81),(12,82),(23,82),(12,83),(23,83),(12,84),(23,84),(12,85),(22,85),(12,86),(22,86),(12,87),(22,87),(12,88),(22,88),(16,89),(16,90),(16,91),(16,92),(16,93),(16,94),(16,95),(16,96),(16,97),(16,98),(16,99),(16,100),(16,101),(14,102),(14,103),(13,104),(12,105),(23,105),(12,106),(23,106),(12,107),(22,107),(12,108),(22,108),(12,109),(22,109),(12,110),(22,110);
/*!40000 ALTER TABLE `book_genre` ENABLE KEYS */;
UNLOCK TABLES;

--
-- Table structure for table `books`
--

DROP TABLE IF EXISTS `books`;
/*!40101 SET @saved_cs_client     = @@character_set_client */;
/*!50503 SET character_set_client = utf8mb4 */;
CREATE TABLE `books` (
  `book_id` int NOT NULL,
  `book_name` varchar(255) NOT NULL,
  `deposit_price` decimal(10,2) DEFAULT NULL,
  `rental_price_per_day` decimal(10,2) DEFAULT NULL,
  PRIMARY KEY (`book_id`),
  UNIQUE KEY `book_id_UNIQUE` (`book_id`)
) ENGINE=InnoDB DEFAULT CHARSET=utf8mb3;
/*!40101 SET character_set_client = @saved_cs_client */;

--
-- Dumping data for table `books`
--

LOCK TABLES `books` WRITE;
/*!40000 ALTER TABLE `books` DISABLE KEYS */;
INSERT INTO `books` VALUES (1,'Гарри Поттер и филосовский камень',NULL,NULL),(2,'Гарри Поттер и Тайная комната',NULL,NULL),(3,'Гарри Поттер и узник Азкабана',500.00,30.00),(4,'Гарри Поттер и Кубок огня',500.00,30.00),(5,'Гарри Поттер и Орден Феникса',500.00,30.00),(6,'Гарри Поттер и Принц-полукровка',500.00,30.00),(7,'Гарри Поттер и Дары Смерти',500.00,30.00),(8,'Гарри Поттер и Проклятое дитя',500.00,30.00),(9,'451° по Фаренгейту',NULL,NULL),(10,'1984',NULL,NULL),(11,'Гордость и предубеждение',NULL,NULL),(12,'Унесенные ветром',NULL,NULL),(13,'Великий Гэтсби',NULL,NULL),(14,'Властелин колец',1000.00,50.00),(15,'Лев, Колдунья и Волшебный шкаф',500.00,35.00),(16,'Убить пересмешника',NULL,NULL),(17,'Три товарища',NULL,NULL),(18,'Триумфальная арка',NULL,NULL),(19,'Ночь в Лиссабоне',250.00,25.00),(20,'Черный обелиск',300.00,30.00),(21,'Вино из одуванчиков',NULL,NULL),(22,'И грянул гром. Сборник рассказов',NULL,NULL),(23,'Скотный двор',NULL,NULL),(24,'Коллекционер',500.00,40.00),(25,'Цветы для Элджернона',500.00,40.00),(26,'Таинственная история Билли Миллигана',600.00,45.00),(27,'Портрет Дориана Грея',NULL,NULL),(28,'Алиса в Стране чудес',NULL,NULL),(29,'Алиса в Зазеркалье',NULL,NULL),(30,'Приключения Шерлока Холмса',1500.00,100.00),(31,'Записки о Шерлоке Холмсе',1000.00,80.00),(32,'Собака Баскервилей',NULL,NULL),(33,'Этюд в багровых тонах',NULL,NULL),(34,'Мартин Иден',NULL,NULL),(35,'Белый Клык',NULL,NULL),(36,'Собор Парижской Богоматери',500.00,25.00),(37,'Джейн Эйр',NULL,NULL),(38,'Мастер и Маргарита',NULL,NULL),(39,'Собачье сердце',NULL,NULL),(40,'Записки юного врача',NULL,NULL),(41,'Белая гвардия',NULL,NULL),(42,'Поднятая целина',NULL,NULL),(43,'Судьба человека',NULL,NULL),(44,'Тихий Дон',NULL,NULL),(45,'Анна Каренина',NULL,NULL),(46,'Война и мир',1000.00,70.00),(47,'Мертвые души',NULL,NULL),(48,'Ревизор',NULL,NULL),(49,'Тарас Бульба',NULL,NULL),(50,'Вечера на хуторе близ Диканьки',NULL,NULL),(51,'Идиот',NULL,NULL),(52,'Преступление и наказание',NULL,NULL),(53,'Бесы',NULL,NULL),(54,'Братья Карамазовы',NULL,NULL),(55,'Пиковая дама',NULL,NULL),(56,'Евгений Онегин',NULL,NULL),(57,'Капитанская дочка',NULL,NULL),(58,'Дубровский',NULL,NULL),(59,'Сборник стихов Пушкина',500.00,40.00),(60,'150 известных стихотоворений Пушкина',NULL,NULL),(61,'Отцы и дети',NULL,NULL),(62,'Первая любовь',NULL,NULL),(63,'Двенадцать стульев',600.00,50.00),(64,'Золотой теленок',600.00,50.00),(65,'Одноэтажная Америка',600.00,50.00),(66,'Три сестры',NULL,NULL),(67,'Вишневый сад',NULL,NULL),(68,'Дама с собачкой',NULL,NULL),(69,'Рассказы и повести Чехова',NULL,NULL),(70,'Большое собрание юмористических рассказов',500.00,30.00),(71,'Собрание стихотворений Сергея Есенина',NULL,NULL),(72,'Гранатовый браслет',NULL,NULL),(73,'Куст сирени',NULL,NULL),(74,'Чудесный доктор',NULL,NULL),(75,'Герой нашего времени',NULL,NULL),(76,'Смерть поэта',NULL,NULL),(77,'Мцыри',NULL,NULL),(78,'Собрание сочинений',NULL,NULL),(79,'Пикник на обочине',500.00,35.00),(80,'Понедельник начинается в субботу',NULL,NULL),(81,'Трудно быть Богом',500.00,35.00),(82,'Учебник русского языка для начальной школы. 4-й класс. Грамматика, правопимание, развитие речи',NULL,NULL),(83,'Алгебра. Учебник для 6-7 класса. Часть I',NULL,NULL),(84,'Алгебра. Учебник для 6-7 класса. Часть II',NULL,NULL),(85,'Основы материаловедения. Учебник для высшей школы',1000.00,50.00),(86,'Вероятность. Теория и компьютерный практикум в R и EXCEL. Учебник для экономических и гуманитарных специальностей',1000.00,50.00),(87,'Теория представлений. Начальный курс',700.00,40.00),(88,'Основы педагогики и психологии',500.00,35.00),(89,'Пути оптимизации подготовки к радикальным методам лечения больных раком толстой кишки, осложненным острой непроходимостью.',2000.00,200.00),(90,'Лазерное излучение и эндобилиарная литотрипсия в хирургическом лечение осложнений желчнокаменной болезни',2000.00,200.00),(91,'Становление новой экономики в России: детерминирующая роль виртуализации денег',1500.00,100.00),(92,'Механизм внешнеторговой экспансии японских монополий',1500.00,100.00),(93,'Генезис оркестровой музыки в кинематографии ХХ века',1000.00,80.00),(94,'А.С. Аренский: личность, творчество, стиль',500.00,60.00),(95,'Творческий метод А.П. Боголюбова в контексте русских и европейских художественных процессов второй половины XIX века',500.00,50.00),(96,'Искусство петербургских ювелиров второй половины XVIII столетия',500.00,50.00),(97,'Проблема человека в русской духовно-академической философии первой половины XIX века',500.00,70.00),(98,'Биографический метод Ж.-П. Сартра',1000.00,80.00),(99,'Rh(II)-Катализируемые реакции 1-сульфонил-1,2,3-триазолов с азиринами и азолами со слабыми связями N-O и N-N в синтезе азотсодержащих гетероциклов',1500.00,100.00),(100,'Медьсодержащие производные тиогидантоинов и их конъюгаты с редокс-активными группировками',1000.00,100.00),(101,'Введение фторсодержащих группировок в молекулы моно- и тритерпеноидов',1000.00,90.00),(102,'Тезисы',1000.00,100.00),(103,'Тезисы СпЛП',1000.00,100.00),(104,'Обзор иностранной литературы : Реферат',500.00,70.00),(105,'Учебник алгебры : Курс сред.-учеб. заведений',NULL,NULL),(106,'Учебник прямолинейной тригонометрии : Курс сред. учеб. заведений',NULL,NULL),(107,'Таблицы пятизначных логарифмов чисел и тригонометрических величин',NULL,NULL),(108,'Телеграфные аппараты и станции',1000.00,70.00),(109,'Окислительно-восстановительные реакции : (Метод. разраб.)',NULL,NULL),(110,'Сборник задач и упражнений по химии : (С дидакт. материалом) : Учеб. пособие для студентов учреждений сред. проф. образования',NULL,NULL);
/*!40000 ALTER TABLE `books` ENABLE KEYS */;
UNLOCK TABLES;

--
-- Table structure for table `discount_occupations`
--

DROP TABLE IF EXISTS `discount_occupations`;
/*!40101 SET @saved_cs_client     = @@character_set_client */;
/*!50503 SET character_set_client = utf8mb4 */;
CREATE TABLE `discount_occupations` (
  `discount_id` int NOT NULL,
  `occupation_id` int NOT NULL,
  PRIMARY KEY (`discount_id`,`occupation_id`),
  KEY `occupation_id_FK_DO` (`occupation_id`),
  CONSTRAINT `discount_id_FK` FOREIGN KEY (`discount_id`) REFERENCES `discounts` (`discount_id`),
  CONSTRAINT `occupation_id_FK_DO` FOREIGN KEY (`occupation_id`) REFERENCES `occupations` (`occupation_id`)
) ENGINE=InnoDB DEFAULT CHARSET=utf8mb3;
/*!40101 SET character_set_client = @saved_cs_client */;

--
-- Dumping data for table `discount_occupations`
--

LOCK TABLES `discount_occupations` WRITE;
/*!40000 ALTER TABLE `discount_occupations` DISABLE KEYS */;
INSERT INTO `discount_occupations` VALUES (2,1),(2,4),(1,5),(1,6),(1,9);
/*!40000 ALTER TABLE `discount_occupations` ENABLE KEYS */;
UNLOCK TABLES;

--
-- Table structure for table `discounts`
--

DROP TABLE IF EXISTS `discounts`;
/*!40101 SET @saved_cs_client     = @@character_set_client */;
/*!50503 SET character_set_client = utf8mb4 */;
CREATE TABLE `discounts` (
  `discount_id` int NOT NULL,
  `discount_name` varchar(50) NOT NULL,
  `percent` decimal(5,2) NOT NULL,
  PRIMARY KEY (`discount_id`),
  UNIQUE KEY `discount_id_UNIQUE` (`discount_id`),
  UNIQUE KEY `discountscol_UNIQUE` (`discount_name`)
) ENGINE=InnoDB DEFAULT CHARSET=utf8mb3;
/*!40101 SET character_set_client = @saved_cs_client */;

--
-- Dumping data for table `discounts`
--

LOCK TABLES `discounts` WRITE;
/*!40000 ALTER TABLE `discounts` DISABLE KEYS */;
INSERT INTO `discounts` VALUES (1,'Социальная скидка',15.00),(2,'Скидка для учащихся',15.00);
/*!40000 ALTER TABLE `discounts` ENABLE KEYS */;
UNLOCK TABLES;

--
-- Table structure for table `genres`
--

DROP TABLE IF EXISTS `genres`;
/*!40101 SET @saved_cs_client     = @@character_set_client */;
/*!50503 SET character_set_client = utf8mb4 */;
CREATE TABLE `genres` (
  `genre_id` int NOT NULL,
  `genre_name` varchar(100) NOT NULL,
  PRIMARY KEY (`genre_id`),
  UNIQUE KEY `genre_id_UNIQUE` (`genre_id`)
) ENGINE=InnoDB DEFAULT CHARSET=utf8mb3;
/*!40101 SET character_set_client = @saved_cs_client */;

--
-- Dumping data for table `genres`
--

LOCK TABLES `genres` WRITE;
/*!40000 ALTER TABLE `genres` DISABLE KEYS */;
INSERT INTO `genres` VALUES (1,'Роман'),(2,'Фэнтези'),(3,'Книги для детей'),(4,'Книги для подростков'),(5,'Зарубежная классика'),(6,'Повесть'),(7,'Детектив'),(8,'Фантастика'),(9,'Русская классика'),(10,'Рассказ'),(11,'Сборник'),(12,'Учебник'),(13,'Реферат'),(14,'Тезисы'),(15,'Стихотворения'),(16,'Диссертация'),(17,'Поэма'),(18,'Пьеса'),(19,'Сказка'),(20,'Драма'),(21,'Любовный роман'),(22,'Учебник для ВУЗов'),(23,'Школьный учебник'),(24,'Антиутопия'),(25,'Исторический жанр'),(26,'Военный жанр'),(27,'Триллер'),(28,'Комедия');
/*!40000 ALTER TABLE `genres` ENABLE KEYS */;
UNLOCK TABLES;

--
-- Table structure for table `inventory_logs`
--

DROP TABLE IF EXISTS `inventory_logs`;
/*!40101 SET @saved_cs_client     = @@character_set_client */;
/*!50503 SET character_set_client = utf8mb4 */;
CREATE TABLE `inventory_logs` (
  `log_id` int NOT NULL,
  `copy_id` int NOT NULL,
  `action` enum('Поставка','Списание') DEFAULT NULL,
  `quantity` int NOT NULL,
  `date` date NOT NULL,
  `reason` varchar(255) DEFAULT NULL,
  PRIMARY KEY (`log_id`),
  UNIQUE KEY `log_id_UNIQUE` (`log_id`),
  KEY `copy_id_idx` (`copy_id`),
  CONSTRAINT `copy_id_FK_CI` FOREIGN KEY (`copy_id`) REFERENCES `book_copies` (`copy_id`)
) ENGINE=InnoDB DEFAULT CHARSET=utf8mb3;
/*!40101 SET character_set_client = @saved_cs_client */;

--
-- Dumping data for table `inventory_logs`
--

LOCK TABLES `inventory_logs` WRITE;
/*!40000 ALTER TABLE `inventory_logs` DISABLE KEYS */;
INSERT INTO `inventory_logs` VALUES (1,1,'Поставка',10,'2021-01-05',NULL),(2,2,'Поставка',10,'2021-01-06',NULL),(3,3,'Поставка',12,'2021-01-07',NULL),(4,4,'Поставка',13,'2021-01-08',NULL),(5,5,'Поставка',5,'2021-01-09',NULL),(6,6,'Поставка',5,'2021-01-10',NULL),(7,7,'Поставка',5,'2021-01-11',NULL),(8,8,'Поставка',15,'2021-01-12',NULL),(9,8,'Списание',15,'2022-03-01','Износ'),(10,9,'Поставка',13,'2021-01-13',NULL),(11,10,'Поставка',10,'2021-01-14',NULL),(12,11,'Поставка',10,'2021-01-15',NULL),(13,12,'Поставка',12,'2021-01-16',NULL),(14,13,'Поставка',10,'2021-01-17',NULL),(15,14,'Поставка',11,'2021-01-18',NULL),(16,15,'Поставка',14,'2021-01-19',NULL),(17,16,'Поставка',4,'2021-01-20',NULL),(18,17,'Поставка',8,'2021-01-21',NULL),(19,17,'Списание',2,'2022-03-03','Повреждение'),(20,18,'Поставка',15,'2021-01-22',NULL),(21,19,'Поставка',10,'2021-01-23',NULL),(22,20,'Поставка',14,'2021-01-24',NULL),(23,20,'Списание',14,'2022-03-04','Потеря'),(24,21,'Поставка',13,'2021-01-25',NULL),(25,22,'Поставка',12,'2021-01-26',NULL),(26,23,'Поставка',11,'2021-01-27',NULL),(27,24,'Поставка',14,'2021-01-28',NULL),(28,25,'Поставка',15,'2021-01-29',NULL),(29,26,'Поставка',10,'2021-01-30',NULL),(30,27,'Поставка',12,'2021-01-31',NULL),(31,27,'Списание',4,'2022-03-06','Утеряна'),(32,28,'Поставка',13,'2021-02-01',NULL),(33,29,'Поставка',11,'2021-02-02',NULL),(34,30,'Поставка',10,'2021-02-03',NULL),(35,31,'Поставка',10,'2021-02-04',NULL),(36,31,'Списание',10,'2022-03-07','Старое'),(37,32,'Поставка',14,'2021-02-05',NULL),(38,33,'Поставка',13,'2021-02-06',NULL),(39,34,'Поставка',10,'2021-02-07',NULL),(40,35,'Поставка',4,'2021-02-08',NULL),(41,36,'Поставка',6,'2021-02-09',NULL),(42,37,'Поставка',13,'2021-02-10',NULL),(43,37,'Списание',2,'2022-03-08','Повреждение'),(44,38,'Поставка',12,'2021-02-11',NULL),(45,39,'Поставка',14,'2021-02-12',NULL),(46,40,'Поставка',15,'2021-02-13',NULL),(47,41,'Поставка',10,'2021-02-14',NULL),(48,42,'Поставка',11,'2021-02-15',NULL),(49,43,'Поставка',10,'2021-02-16',NULL),(50,44,'Поставка',13,'2021-02-17',NULL),(51,45,'Поставка',12,'2021-02-18',NULL),(52,46,'Поставка',14,'2021-02-19',NULL),(53,47,'Поставка',15,'2021-02-20',NULL),(54,48,'Поставка',10,'2021-02-21',NULL),(55,49,'Поставка',13,'2021-02-22',NULL),(56,50,'Поставка',14,'2021-02-23',NULL),(57,50,'Списание',3,'2022-03-10','Износ'),(58,51,'Поставка',12,'2021-02-24',NULL),(59,52,'Поставка',11,'2021-02-25',NULL),(60,53,'Поставка',13,'2021-02-26',NULL),(61,54,'Поставка',12,'2021-02-27',NULL),(62,55,'Поставка',14,'2021-02-28',NULL),(63,55,'Списание',14,'2022-03-11','Повреждение'),(64,56,'Поставка',13,'2021-03-01',NULL),(65,57,'Поставка',15,'2021-03-02',NULL),(66,58,'Поставка',12,'2021-03-03',NULL),(67,59,'Поставка',10,'2021-03-04',NULL),(68,60,'Поставка',11,'2021-03-05',NULL),(69,61,'Поставка',14,'2021-03-06',NULL),(70,62,'Поставка',15,'2021-03-07',NULL),(71,63,'Поставка',4,'2021-03-08',NULL),(72,64,'Поставка',12,'2021-03-09',NULL),(73,65,'Поставка',11,'2021-03-10',NULL),(74,66,'Поставка',14,'2021-03-11',NULL),(75,67,'Поставка',13,'2021-03-12',NULL),(76,68,'Поставка',12,'2021-03-13',NULL),(77,69,'Поставка',10,'2021-03-14',NULL),(78,70,'Поставка',4,'2021-03-15',NULL),(79,71,'Поставка',15,'2021-03-16',NULL),(80,72,'Поставка',11,'2021-03-17',NULL),(81,73,'Поставка',10,'2021-03-18',NULL),(82,74,'Поставка',14,'2021-03-19',NULL),(83,75,'Поставка',13,'2021-03-20',NULL),(84,76,'Поставка',12,'2021-03-21',NULL),(85,76,'Списание',2,'2022-03-20','Изношена'),(86,77,'Поставка',15,'2021-03-22',NULL),(87,78,'Поставка',11,'2021-03-23',NULL),(88,72,'Списание',11,'2022-03-21','Порча'),(89,79,'Поставка',14,'2021-03-24',NULL),(90,80,'Поставка',13,'2021-03-25',NULL),(91,81,'Поставка',12,'2021-03-26',NULL),(92,82,'Поставка',15,'2021-03-27',NULL),(93,83,'Поставка',10,'2021-03-28',NULL),(94,84,'Поставка',13,'2021-03-29',NULL),(95,85,'Поставка',14,'2021-03-30',NULL),(96,86,'Поставка',12,'2021-03-31',NULL),(97,87,'Поставка',11,'2021-04-01',NULL),(98,88,'Поставка',10,'2021-04-02',NULL),(99,89,'Поставка',14,'2021-04-03',NULL),(100,90,'Поставка',15,'2021-04-04',NULL),(101,9,'Списание',3,'2022-03-25','Повреждение'),(102,91,'Поставка',12,'2021-04-05',NULL),(103,92,'Поставка',10,'2021-04-06',NULL),(104,93,'Поставка',13,'2021-04-07',NULL),(105,93,'Списание',7,'2022-03-26','Износ'),(106,94,'Поставка',14,'2021-04-08',NULL),(107,95,'Поставка',15,'2021-04-09',NULL),(108,96,'Поставка',10,'2021-04-10',NULL),(109,97,'Поставка',13,'2021-04-11',NULL),(110,98,'Поставка',12,'2021-04-12',NULL),(111,99,'Поставка',14,'2021-04-13',NULL),(112,100,'Поставка',15,'2021-04-14',NULL),(113,101,'Поставка',13,'2021-04-15',NULL),(114,102,'Поставка',12,'2021-04-16',NULL),(115,103,'Поставка',10,'2021-04-17',NULL),(116,104,'Поставка',11,'2021-04-18',NULL),(117,105,'Поставка',14,'2021-04-19',NULL),(118,106,'Поставка',13,'2021-04-20',NULL),(119,107,'Поставка',12,'2021-04-21',NULL),(120,108,'Поставка',15,'2021-04-22',NULL),(121,109,'Поставка',10,'2021-04-23',NULL),(122,109,'Списание',5,'2022-03-27','Списание по плану'),(123,110,'Поставка',14,'2021-04-24',NULL),(124,111,'Поставка',12,'2021-04-25',NULL),(125,112,'Поставка',10,'2021-04-26',NULL),(126,113,'Поставка',11,'2021-04-27',NULL),(127,114,'Поставка',13,'2021-04-28',NULL),(128,115,'Поставка',14,'2021-04-29',NULL),(129,116,'Поставка',15,'2021-04-30',NULL),(130,116,'Списание',14,'2023-03-28','Износ'),(131,117,'Поставка',12,'2021-05-01',NULL),(132,115,'Списание',3,'2021-04-29',NULL),(133,28,'Списание',1,'2024-06-12','Утеря читателем'),(134,40,'Списание',3,'2024-07-03','Изношена'),(135,51,'Списание',2,'2024-08-15','Износ'),(136,84,'Списание',1,'2024-09-21','Физический износ'),(137,105,'Списание',1,'2024-10-05','Порвана обложка'),(138,111,'Списание',1,'2023-11-19','Утрата экземпляра'),(139,117,'Списание',3,'2023-12-01','Износ страниц'),(140,9,'Поставка',5,'2023-03-10',NULL),(141,9,'Списание',1,'2025-01-16','Порча страниц'),(142,10,'Поставка',5,'2024-12-28',NULL),(143,55,'Поставка',7,'2024-12-28',NULL),(144,41,'Поставка',10,'2023-09-10',NULL),(145,116,'Списание',1,'2023-03-29',NULL),(146,117,'Списание',7,'2024-03-29',NULL),(147,18,'Списание',1,'2025-03-25','Автосписание. Порча при возврате');
/*!40000 ALTER TABLE `inventory_logs` ENABLE KEYS */;
UNLOCK TABLES;

--
-- Table structure for table `librarians`
--

DROP TABLE IF EXISTS `librarians`;
/*!40101 SET @saved_cs_client     = @@character_set_client */;
/*!50503 SET character_set_client = utf8mb4 */;
CREATE TABLE `librarians` (
  `librarian_id` int NOT NULL,
  `librarian_lastname` varchar(45) DEFAULT NULL,
  `librarian_name` varchar(45) DEFAULT NULL,
  `librarian_surname` varchar(45) DEFAULT NULL,
  PRIMARY KEY (`librarian_id`),
  UNIQUE KEY `librarian_id_UNIQUE` (`librarian_id`)
) ENGINE=InnoDB DEFAULT CHARSET=utf8mb3;
/*!40101 SET character_set_client = @saved_cs_client */;

--
-- Dumping data for table `librarians`
--

LOCK TABLES `librarians` WRITE;
/*!40000 ALTER TABLE `librarians` DISABLE KEYS */;
INSERT INTO `librarians` VALUES (1,'Купцова','Полина','Дмитриевна'),(2,'Павлюхин','Кирилл','Александрович'),(3,'Сован','Вячеслав','Денисович'),(4,'Корженец','Павел','Игоревич');
/*!40000 ALTER TABLE `librarians` ENABLE KEYS */;
UNLOCK TABLES;

--
-- Table structure for table `occupations`
--

DROP TABLE IF EXISTS `occupations`;
/*!40101 SET @saved_cs_client     = @@character_set_client */;
/*!50503 SET character_set_client = utf8mb4 */;
CREATE TABLE `occupations` (
  `occupation_id` int NOT NULL,
  `occupation_name` varchar(45) NOT NULL,
  PRIMARY KEY (`occupation_id`),
  UNIQUE KEY `occupation_id_UNIQUE` (`occupation_id`),
  UNIQUE KEY `occupation_name_UNIQUE` (`occupation_name`)
) ENGINE=InnoDB DEFAULT CHARSET=utf8mb3;
/*!40101 SET character_set_client = @saved_cs_client */;

--
-- Dumping data for table `occupations`
--

LOCK TABLES `occupations` WRITE;
/*!40000 ALTER TABLE `occupations` DISABLE KEYS */;
INSERT INTO `occupations` VALUES (7,'Безработный'),(5,'Военнослужащий'),(3,'Научный работник'),(6,'Пенсионер'),(2,'Преподаватель'),(8,'Рабочий'),(9,'С ограничениями по здоровью'),(1,'Студент'),(4,'Школьник');
/*!40000 ALTER TABLE `occupations` ENABLE KEYS */;
UNLOCK TABLES;

--
-- Table structure for table `publishers`
--

DROP TABLE IF EXISTS `publishers`;
/*!40101 SET @saved_cs_client     = @@character_set_client */;
/*!50503 SET character_set_client = utf8mb4 */;
CREATE TABLE `publishers` (
  `publisher_id` int NOT NULL,
  `publisher_name` varchar(100) DEFAULT NULL,
  PRIMARY KEY (`publisher_id`),
  UNIQUE KEY `publisher_id_UNIQUE` (`publisher_id`)
) ENGINE=InnoDB DEFAULT CHARSET=utf8mb3;
/*!40101 SET character_set_client = @saved_cs_client */;

--
-- Dumping data for table `publishers`
--

LOCK TABLES `publishers` WRITE;
/*!40000 ALTER TABLE `publishers` DISABLE KEYS */;
INSERT INTO `publishers` VALUES (1,'Эксмо'),(2,'АСТ'),(3,'Классика'),(4,'Просвещение'),(5,'Росмэн'),(6,'Азбука'),(7,'Альпина Паблишер'),(8,'Бомбора'),(9,'Лабиринт Пресс');
/*!40000 ALTER TABLE `publishers` ENABLE KEYS */;
UNLOCK TABLES;

--
-- Table structure for table `readers`
--

DROP TABLE IF EXISTS `readers`;
/*!40101 SET @saved_cs_client     = @@character_set_client */;
/*!50503 SET character_set_client = utf8mb4 */;
CREATE TABLE `readers` (
  `reader_id` int NOT NULL,
  `reader_lastname` varchar(45) NOT NULL,
  `reader_name` varchar(45) NOT NULL,
  `reader_surname` varchar(45) DEFAULT NULL,
  `reader_adress` varchar(255) NOT NULL,
  `reader_phone` varchar(40) NOT NULL,
  `characteristic_id` int NOT NULL,
  PRIMARY KEY (`reader_id`),
  UNIQUE KEY `reader_id_UNIQUE` (`reader_id`),
  KEY `characteristic_id_FK_idx` (`characteristic_id`),
  CONSTRAINT `characteristic_id_FK` FOREIGN KEY (`characteristic_id`) REFERENCES `specialization_occupation` (`characteristic_id`)
) ENGINE=InnoDB DEFAULT CHARSET=utf8mb3;
/*!40101 SET character_set_client = @saved_cs_client */;

--
-- Dumping data for table `readers`
--

LOCK TABLES `readers` WRITE;
/*!40000 ALTER TABLE `readers` DISABLE KEYS */;
INSERT INTO `readers` VALUES (1,'Шубина','Александра','Федоровна','г. Санкт-Петербург, Невский пр., д. 15, кв. 34','+79161234567',12),(2,'Гаврилов','Вышеслав','Венедиктович','г. Санкт-Петербург, ул. Садовая, д. 42, кв. 12','+79162345678',1),(3,'Игнатьев','Родион','Андреевич','г. Санкт-Петербург, Литейный пр., д. 56, кв. 78','+79163456789',34),(4,'Гаврилова','Регина','Альбертовна','г. Санкт-Петербург, ул. Марата, д. 23, кв. 45','+79164567890',27),(5,'Михеева','Валерия','Леонидовна','г. Санкт-Петербург, Каменноостровский пр., д. 17, кв. 9','+79165678901',28),(6,'Тимофеева','Елена','Эльдаровна','г. Санкт-Петербург, ул. Рубинштейна, д. 33, кв. 21','+79166789012',34),(7,'Дементьева','Октябрина','Болеславовна','г. Санкт-Петербург, ул. Чайковского, д. 105, кв. 67','+79167890123',34),(8,'Цветков','Панфил','Гурьевич','г. Санкт-Петербург, ул. Восстания, д. 12, кв. 34','+79168901234',27),(9,'Сидорова','Татьяна','Петровна','г. Санкт-Петербург, ул. Марата, д. 12, кв. 56','+79169012345',36),(10,'Сорокин','Прокофий','Аксёнович','г. Санкт-Петербург, ул. Гороховая, д. 45, кв. 78','+79160123456',31),(11,'Туров','Харитон','Измаилович','г. Санкт-Петербург, ул. Марата, д. 67, кв. 89','+79161234567',33),(12,'Фадеев','Алексей','Федосьевич','г. Санкт-Петербург, Невский пр., д. 89, кв. 10','+79162345678',27),(13,'Мясников','Эдуард','Геннадиевич','г. Санкт-Петербург, ул. Садовая, д. 34, кв. 12','+79163456789',12),(14,'Маркова','Вера','Леоновна','г. Санкт-Петербург, Литейный пр., д. 56, кв. 34','+79164567890',1),(15,'Беляева','Милица','Юльевна','г. Санкт-Петербург, Каменноостровский пр., д. 78, кв. 56','+79165678901',21),(16,'Потапов','Остромир','Игнатьевич','г. Санкт-Петербург, ул. Рубинштейна, д. 90, кв. 78','+79166789012',36),(17,'Титов','Галактион','Феоктистович','г. Санкт-Петербург, ул. Чайковского, д. 12, кв. 34','+79167890123',12),(18,'Белова','Глафира','Петровна','г. Санкт-Петербург, ул. Восстания, д. 34, кв. 56','+79168901234',1),(19,'Богданов','Афиноген','Федосеевич','г. Санкт-Петербург, ул. Марата, д. 56, кв. 78','+79169012345',28),(20,'Зуева','Евфросиния','Болеславовна','г. Санкт-Петербург, Невский пр., д. 78, кв. 90','+79160123456',27),(21,'Чернова','Варвара','Архиповна','г. Санкт-Петербург, ул. Гражданская, д. 15, кв. 23','+79161234567',34),(22,'Муравьев','Ефрем','Зиновьевич','г. Санкт-Петербург, ул. Маяковского, д. 25, кв. 47','+79162345678',34),(23,'Жданов','Ипполит','Валерьянович','г. Санкт-Петербург, ул. Восстания, д. 35, кв. 69','+79163456789',21),(24,'Кузнецова','Ирина','Романовна','г. Санкт-Петербург, ул. Марата, д. 45, кв. 81','+79164567890',27),(25,'Некрасов','Всеслав','Матвеевич','г. Санкт-Петербург, Литейный пр., д. 55, кв. 93','+79165678901',31),(26,'Жукова','Тамара','Геннадиевна','г. Санкт-Петербург, Каменноостровский пр., д. 65, кв. 15','+79166789012',1),(27,'Лукин','Иннокентий','Демьянович','г. Санкт-Петербург, ул. Рубинштейна, д. 75, кв. 27','+79167890123',31),(28,'Евдокимов','Прокл','Харитонович','г. Санкт-Петербург, ул. Чайковского, д. 85, кв. 39','+79168901234',27),(29,'Белов','Никита','Архипович','г. Санкт-Петербург, Невский пр., д. 95, кв. 51','+79169012345',12),(30,'Бирюкова','Таисия','Вячеславовна','г. Санкт-Петербург, ул. Садовая, д. 105, кв. 63','+79160123456',34),(31,'Белозерова','Вероника','Афанасьевна','г. Санкт-Петербург, ул. Марата, д. 115, кв. 75','+79161234567',34),(32,'Зимина','Екатерина','Болеславовна','г. Санкт-Петербург, ул. Восстания, д. 125, кв. 87','+79162345678',27),(33,'Нестеров','Лазарь','Артемьевич','г. Санкт-Петербург, Литейный пр., д. 135, кв. 99','+79163456789',12),(34,'Ильина','Элеонора','Евгеньевна','г. Санкт-Петербург, Каменноостровский пр., д. 145, кв. 11','+79164567890',1),(35,'Орлов','Селиверст','Валерьевич','г. Санкт-Петербург, ул. Рубинштейна, д. 155, кв. 23','+79165678901',34),(36,'Яковлева','Алла','Леонидовна','г. Санкт-Петербург, ул. Чайковского, д. 165, кв. 35','+79166789012',27),(37,'Громов','Евдоким','Юльевич','г. Санкт-Петербург, Невский пр., д. 175, кв. 47','+79167890123',34),(38,'Шашкова','Надежда','Святославовна','г. Санкт-Петербург, ул. Садовая, д. 185, кв. 59','+79168901234',1),(39,'Иванов','Викторин','Трифонович','г. Санкт-Петербург, ул. Марата, д. 195, кв. 71','+79169012345',21),(40,'Матвеева','Синклитикия','Ждановна','г. Санкт-Петербург, ул. Восстания, д. 205, кв. 83','+79160123456',36),(41,'Лаврентьев','Осип','Антипович','г. Санкт-Петербург, Литейный пр., д. 215, кв. 95','+79161234567',12),(42,'Сергеева','Оксана','Львовна','г. Санкт-Петербург, Каменноостровский пр., д. 225, кв. 17','+79162345678',1),(43,'Силина','Мария','Павловна','г. Санкт-Петербург, ул. Рубинштейна, д. 235, кв. 29','+79163456789',33),(44,'Сафонова','Людмила','Валериевна','г. Санкт-Петербург, ул. Чайковского, д. 245, кв. 41','+79164567890',27),(45,'Федоров','Родион','Ануфриевич','г. Санкт-Петербург, Невский пр., д. 255, кв. 53','+79165678901',12),(46,'Фомина','Раиса','Анатольевна','г. Санкт-Петербург, ул. Садовая, д. 265, кв. 65','+79166789012',34),(47,'Тарасов','Евстафий','Теймуразович','г. Санкт-Петербург, ул. Марата, д. 275, кв. 77','+79167890123',21),(48,'Филатова','Пелагея','Тимофеевна','г. Санкт-Петербург, ул. Восстания, д. 285, кв. 89','+79168901234',27),(49,'Ситников','Флорентин','Ильич','г. Санкт-Петербург, Литейный пр., д. 295, кв. 11','+79169012345',12),(50,'Васильев','Бронислав','Артемьевич','г. Санкт-Петербург, Каменноостровский пр., д. 305, кв. 23','+79160123456',28);
/*!40000 ALTER TABLE `readers` ENABLE KEYS */;
UNLOCK TABLES;

--
-- Table structure for table `rentals`
--

DROP TABLE IF EXISTS `rentals`;
/*!40101 SET @saved_cs_client     = @@character_set_client */;
/*!50503 SET character_set_client = utf8mb4 */;
CREATE TABLE `rentals` (
  `rentals_id` int NOT NULL,
  `copy_id` int NOT NULL,
  `reader_id` int NOT NULL,
  `librarian_id` int NOT NULL,
  `issue_date` date NOT NULL,
  `expected_date` date NOT NULL,
  `return_date` date DEFAULT NULL,
  `is_damaged` tinyint(1) NOT NULL DEFAULT '0',
  `fine_size` decimal(10,2) DEFAULT NULL,
  `fine_description` varchar(100) DEFAULT NULL,
  PRIMARY KEY (`rentals_id`),
  UNIQUE KEY `rentals_id_UNIQUE` (`rentals_id`),
  KEY `copy_id_idx` (`copy_id`),
  KEY `reader_id_idx` (`reader_id`),
  KEY `librarian_id_idx` (`librarian_id`),
  CONSTRAINT `copy_id_FK` FOREIGN KEY (`copy_id`) REFERENCES `book_copies` (`copy_id`),
  CONSTRAINT `librarian_id_FK` FOREIGN KEY (`librarian_id`) REFERENCES `librarians` (`librarian_id`),
  CONSTRAINT `reader_id_FK` FOREIGN KEY (`reader_id`) REFERENCES `readers` (`reader_id`)
) ENGINE=InnoDB DEFAULT CHARSET=utf8mb3;
/*!40101 SET character_set_client = @saved_cs_client */;

--
-- Dumping data for table `rentals`
--

LOCK TABLES `rentals` WRITE;
/*!40000 ALTER TABLE `rentals` DISABLE KEYS */;
INSERT INTO `rentals` VALUES (1,52,2,1,'2025-01-10','2025-02-10','2025-02-08',0,0.00,NULL),(2,16,13,2,'2025-01-15','2025-02-15','2025-02-18',0,15.00,NULL),(3,36,45,3,'2025-02-20','2025-03-20','2025-03-10',0,0.00,NULL),(4,88,49,4,'2025-03-01','2025-04-01','2025-03-12',0,0.00,NULL),(5,87,23,1,'2025-01-05','2025-02-05','2025-02-07',0,10.00,NULL),(6,95,39,2,'2025-02-10','2025-03-10','2025-02-15',0,0.00,NULL),(7,99,47,3,'2025-04-15','2025-05-15',NULL,0,0.00,NULL),(8,3,1,4,'2025-01-12','2025-02-12','2025-02-15',1,515.00,'Порвана страница 56'),(9,18,14,1,'2025-02-15','2025-03-15','2025-03-25',1,550.00,'Порваны страницы с 1 по 15'),(10,59,26,2,'2025-04-20','2025-05-20',NULL,0,0.00,NULL),(11,1,4,3,'2025-01-08','2025-02-08','2025-02-08',0,0.00,NULL),(12,10,8,4,'2025-02-10','2025-03-10','2025-03-12',0,10.00,NULL),(13,25,12,1,'2025-03-15','2025-04-15','2025-04-15',0,0.00,NULL),(14,63,19,2,'2025-01-20','2025-02-20','2025-02-20',0,0.00,NULL),(15,70,25,3,'2025-02-25','2025-03-25','2025-03-28',0,15.00,NULL),(16,88,50,4,'2025-04-30','2025-05-30',NULL,0,0.00,NULL),(17,56,10,1,'2025-01-15','2025-02-15','2025-02-15',0,0.00,NULL),(18,69,27,2,'2025-02-20','2025-03-20','2025-03-22',0,10.00,NULL),(19,76,25,3,'2025-03-25','2025-04-25','2025-04-25',0,0.00,NULL),(20,22,43,4,'2025-01-10','2025-02-10','2025-01-20',0,0.00,NULL),(21,16,21,1,'2025-02-15','2025-03-15','2025-03-15',1,150.00,'Порваны страницы, утерян лист арендаторов, испачкана обложка'),(22,78,30,2,'2025-04-20','2025-05-20',NULL,0,0.00,NULL),(23,4,3,3,'2025-04-05','2025-05-05',NULL,0,0.00,NULL),(24,35,6,4,'2025-04-10','2025-05-10',NULL,0,0.00,NULL),(25,35,7,1,'2025-04-15','2025-05-15',NULL,0,0.00,NULL),(26,46,21,2,'2025-04-20','2025-05-20',NULL,0,0.00,NULL),(27,57,30,3,'2025-04-25','2025-05-25',NULL,0,0.00,NULL),(28,62,31,4,'2025-04-30','2025-05-30',NULL,0,0.00,NULL),(29,75,35,1,'2025-04-15','2025-05-15',NULL,0,0.00,NULL),(30,79,37,2,'2025-04-20','2025-05-20',NULL,0,0.00,NULL),(31,85,46,3,'2025-04-25','2025-05-25',NULL,0,0.00,NULL),(32,9,9,4,'2025-01-08','2025-02-08','2025-01-15',1,500.00,'испачканы страницы 5-50'),(33,28,16,1,'2025-02-12','2025-03-12','2025-02-20',0,0.00,NULL),(34,70,20,2,'2025-04-18','2025-05-18','2025-05-10',0,0.00,NULL),(35,54,24,3,'2025-01-22','2025-02-22','2025-02-25',0,15.00,NULL),(36,67,40,4,'2025-02-26','2025-03-26','2025-03-26',0,0.00,NULL),(37,5,5,1,'2025-01-15','2025-02-15','2025-01-30',0,50.00,'Потеря списка арендателей'),(38,13,11,2,'2025-02-20','2025-03-20','2025-03-20',0,0.00,NULL),(39,19,15,3,'2025-03-25','2025-04-25','2025-04-28',0,15.00,NULL),(40,29,17,4,'2025-01-30','2025-02-28','2025-02-03',0,0.00,NULL),(41,37,18,1,'2025-02-05','2025-03-05','2025-03-05',1,150.00,'Порча страниц книги'),(42,43,22,2,'2025-03-10','2025-04-10','2025-04-12',0,10.00,NULL),(43,49,28,3,'2025-01-15','2025-02-15','2025-02-15',0,0.00,NULL),(44,55,29,4,'2025-02-20','2025-03-20','2025-03-23',0,15.00,NULL),(45,61,32,1,'2025-03-10','2025-04-10',NULL,0,0.00,NULL),(46,68,33,2,'2025-01-30','2025-02-28','2025-03-02',0,10.00,NULL),(47,74,34,3,'2025-02-05','2025-03-05','2025-03-05',0,0.00,NULL),(48,80,36,4,'2025-03-10','2025-04-10','2025-04-13',0,15.00,NULL),(49,86,38,1,'2025-01-15','2025-02-15','2025-02-17',0,10.00,NULL),(50,92,41,2,'2025-02-20','2025-03-20','2025-03-25',0,25.00,NULL),(51,98,42,3,'2025-04-25','2025-05-25',NULL,0,0.00,NULL),(52,104,44,4,'2025-01-30','2025-02-28','2025-03-03',0,25.00,NULL),(53,110,48,1,'2025-02-05','2025-03-05','2025-02-15',1,1000.00,'Порча обложки '),(54,70,2,2,'2025-04-05','2025-05-05',NULL,0,0.00,NULL),(55,35,2,3,'2025-04-10','2025-05-10',NULL,0,0.00,NULL),(56,7,13,1,'2025-04-15','2025-05-15',NULL,0,0.00,NULL),(57,92,13,4,'2025-04-20','2025-05-20',NULL,0,0.00,NULL),(58,5,23,2,'2025-04-10','2025-05-10',NULL,0,0.00,NULL),(59,101,23,3,'2025-04-05','2025-05-05',NULL,0,0.00,NULL),(60,33,3,1,'2025-04-20','2025-05-20',NULL,0,0.00,NULL),(61,64,3,4,'2025-04-01','2025-05-01',NULL,0,0.00,NULL),(62,5,6,2,'2025-04-05','2025-05-05',NULL,0,0.00,NULL),(63,71,6,3,'2025-04-01','2025-05-01',NULL,0,0.00,NULL),(64,44,7,1,'2025-03-12','2025-04-12',NULL,0,0.00,NULL),(65,89,7,4,'2025-04-15','2025-05-15',NULL,0,0.00,NULL),(66,51,10,2,'2025-04-10','2025-05-10',NULL,0,0.00,NULL),(67,107,10,3,'2025-04-05','2025-05-05',NULL,0,0.00,NULL),(68,35,21,1,'2025-04-30','2025-05-28',NULL,0,0.00,NULL),(69,96,21,4,'2025-04-20','2025-05-20',NULL,0,0.00,NULL),(70,53,30,2,'2025-04-15','2025-05-15',NULL,0,0.00,NULL),(71,108,30,3,'2025-04-10','2025-05-10',NULL,0,0.00,NULL),(72,60,35,1,'2025-04-05','2025-05-05',NULL,0,0.00,NULL),(73,112,35,4,'2025-04-01','2025-05-01',NULL,0,0.00,NULL),(74,5,37,2,'2025-04-20','2025-05-20',NULL,0,0.00,NULL),(75,115,37,3,'2025-04-15','2025-05-15',NULL,0,0.00,NULL),(76,84,46,1,'2025-04-15','2025-05-15',NULL,0,0.00,NULL),(77,117,46,4,'2025-04-10','2025-05-10','2025-04-18',0,0.00,NULL),(78,91,50,2,'2025-04-01','2025-05-01',NULL,0,0.00,NULL),(79,114,50,3,'2025-04-01','2025-05-01',NULL,0,0.00,NULL),(80,12,10,3,'2025-03-07','2025-04-07',NULL,0,0.00,NULL),(81,27,20,1,'2025-04-20','2025-05-20',NULL,0,0.00,NULL),(82,66,40,1,'2025-04-20','2025-05-20',NULL,0,0.00,NULL),(83,70,10,1,'2025-04-10','2025-05-10',NULL,0,0.00,NULL),(84,106,15,2,'2025-04-15','2025-05-15',NULL,0,0.00,NULL),(85,107,20,3,'2025-03-15','2025-04-15',NULL,0,0.00,NULL),(86,5,4,1,'2025-04-01','2025-05-01',NULL,0,0.00,NULL),(87,5,12,2,'2025-04-01','2025-05-01',NULL,0,0.00,NULL),(88,70,34,1,'2025-04-20','2025-05-20',NULL,0,0.00,NULL),(89,5,1,3,'2025-04-03','2025-05-02','2025-04-13',0,0.00,NULL),(90,9,4,4,'2025-03-03','2025-04-03',NULL,0,0.00,NULL),(91,17,3,1,'2025-02-01','2025-03-01','2025-02-20',0,0.00,NULL),(92,11,2,2,'2025-02-04','2025-03-04','2025-02-14',0,0.00,NULL),(93,11,5,1,'2025-02-08','2025-03-08','2025-02-15',0,0.00,NULL),(94,18,35,4,'2025-02-04','2025-03-04','2025-02-10',0,0.00,NULL),(95,18,12,4,'2025-02-04','2025-03-04','2025-02-19',0,0.00,NULL),(96,36,45,2,'2025-02-01','2025-03-01','2025-02-20',0,0.00,NULL),(97,36,7,3,'2025-02-03','2025-03-03','2025-02-27',0,0.00,NULL),(98,18,39,4,'2025-02-04','2025-03-04','2025-02-20',0,0.00,NULL),(99,88,15,1,'2025-02-14','2025-03-14','2025-02-18',0,0.00,NULL),(100,95,49,2,'2025-02-12','2025-03-12','2025-02-16',0,0.00,NULL),(101,88,22,3,'2025-02-18','2025-03-18','2025-02-27',0,0.00,NULL),(102,17,17,4,'2025-01-10','2025-02-10','2025-02-20',0,50.00,NULL),(103,1,23,4,'2024-04-14','2024-05-14','2025-05-28',0,70.00,NULL),(104,117,16,4,'2025-04-14','2025-05-14',NULL,0,NULL,NULL),(105,115,49,4,'2025-04-14','2025-05-14','2025-05-18',0,NULL,NULL);
/*!40000 ALTER TABLE `rentals` ENABLE KEYS */;
UNLOCK TABLES;

--
-- Table structure for table `specialization_occupation`
--

DROP TABLE IF EXISTS `specialization_occupation`;
/*!40101 SET @saved_cs_client     = @@character_set_client */;
/*!50503 SET character_set_client = utf8mb4 */;
CREATE TABLE `specialization_occupation` (
  `characteristic_id` int NOT NULL,
  `specialization_id` int NOT NULL,
  `occupation_id` int NOT NULL,
  PRIMARY KEY (`characteristic_id`),
  UNIQUE KEY `characteristic_id_UNIQUE` (`characteristic_id`),
  KEY `occupation_id_FK_idx` (`occupation_id`),
  KEY `specialization_id_FK` (`specialization_id`),
  CONSTRAINT `occupation_id_FK_SO` FOREIGN KEY (`occupation_id`) REFERENCES `occupations` (`occupation_id`),
  CONSTRAINT `specialization_id_FK` FOREIGN KEY (`specialization_id`) REFERENCES `specializations` (`specialization_id`)
) ENGINE=InnoDB DEFAULT CHARSET=utf8mb3;
/*!40101 SET character_set_client = @saved_cs_client */;

--
-- Dumping data for table `specialization_occupation`
--

LOCK TABLES `specialization_occupation` WRITE;
/*!40000 ALTER TABLE `specialization_occupation` DISABLE KEYS */;
INSERT INTO `specialization_occupation` VALUES (1,1,1),(2,2,1),(3,3,1),(4,4,1),(5,5,1),(6,6,1),(7,7,1),(8,10,1),(9,11,1),(10,13,1),(11,14,1),(12,1,2),(13,2,2),(14,4,2),(15,5,2),(16,6,2),(17,7,2),(18,10,2),(19,13,2),(20,14,2),(21,1,3),(22,4,3),(23,5,3),(24,6,3),(25,7,3),(26,13,3),(27,12,4),(28,9,5),(29,16,5),(30,12,5),(31,12,6),(32,17,6),(33,12,7),(34,9,8),(35,12,8),(36,12,9),(37,15,9),(38,17,9);
/*!40000 ALTER TABLE `specialization_occupation` ENABLE KEYS */;
UNLOCK TABLES;

--
-- Table structure for table `specializations`
--

DROP TABLE IF EXISTS `specializations`;
/*!40101 SET @saved_cs_client     = @@character_set_client */;
/*!50503 SET character_set_client = utf8mb4 */;
CREATE TABLE `specializations` (
  `specialization_id` int NOT NULL,
  `specialization_name` varchar(45) NOT NULL,
  PRIMARY KEY (`specialization_id`)
) ENGINE=InnoDB DEFAULT CHARSET=utf8mb3;
/*!40101 SET character_set_client = @saved_cs_client */;

--
-- Dumping data for table `specializations`
--

LOCK TABLES `specializations` WRITE;
/*!40000 ALTER TABLE `specializations` DISABLE KEYS */;
INSERT INTO `specializations` VALUES (1,'Прикладная информатика'),(2,'Информационные системы и технологии'),(3,'Программная инженерия'),(4,'Биология'),(5,'Физика'),(6,'Химия'),(7,'Информатика'),(8,'Библиотекарь'),(9,'Инженер'),(10,'Философия'),(11,'Экономика'),(12,'Отсутствует'),(13,'История'),(14,'Филология'),(15,'Медицинский работник'),(16,'Гос. служащий'),(17,'Социальный работник');
/*!40000 ALTER TABLE `specializations` ENABLE KEYS */;
UNLOCK TABLES;
/*!40103 SET TIME_ZONE=@OLD_TIME_ZONE */;

/*!40101 SET SQL_MODE=@OLD_SQL_MODE */;
/*!40014 SET FOREIGN_KEY_CHECKS=@OLD_FOREIGN_KEY_CHECKS */;
/*!40014 SET UNIQUE_CHECKS=@OLD_UNIQUE_CHECKS */;
/*!40101 SET CHARACTER_SET_CLIENT=@OLD_CHARACTER_SET_CLIENT */;
/*!40101 SET CHARACTER_SET_RESULTS=@OLD_CHARACTER_SET_RESULTS */;
/*!40101 SET COLLATION_CONNECTION=@OLD_COLLATION_CONNECTION */;
/*!40111 SET SQL_NOTES=@OLD_SQL_NOTES */;

-- Dump completed on 2026-03-20 22:06:33
