-- Извлечено из PDF-отчёта

use library_db;
INSERT INTO authors (author_id, author_name, author_lastname)
VALUES
(1, 'Джоан', 'Роулинг'),
(2, 'Рэй', 'Брэдбери'),
(3, 'Джордж', 'Оруэлл'),
(4, 'Джейн', 'Остен'),
(5, 'Маргарет', 'Митчелл'),
(6, 'Френсис Скотт', 'Фицджеральд'),
(7, 'Джон', 'Толкин'),
(8, 'Клайв', 'Льюис'),
(9, 'Харпер', 'Ли'),
(10, 'Эрих Мария', 'Ремарк'),
(11, 'Джон', 'Фаулз'),
(12, 'Дэниел', 'Киз'),
(13, 'Оскар', 'Уайльд'),
(14, 'Льюис', 'Кэрролл'),
(15, 'Артур', 'Конан Дойл'),
(16, 'Джек', 'Лондон'),
(17, 'Виктор', 'Гюго'),
(18, 'Шарлотта', 'Бронте'),
(19, 'Михаил', 'Булгаков'),
(20, 'Михаил', 'Шолохов'),
(21, 'Лев', 'Толстой'),
(22, 'Николай', 'Гоголь'),
(23, 'Федор', 'Достоевский'),
(24, 'Александр', 'Пушкин'),
(25, 'Иван', 'Тургеньев'),
(26, 'Илья', 'Ильф'),
(27, 'Евгений', 'Петров'),
(28, 'Антон', 'Чехов'),
(29, 'Сергей', 'Есенин'),
(30, 'Александр', 'Куприн'),
(31, 'Михаил', 'Лермонтов'),
(32, 'Аркадий', 'Стругацкий'),
(33, 'Борис', 'Стругацкий'),
(34, 'Никифор', 'Костин'),
(35, 'Александр', 'Барсуков'),
(36, 'Геннадий', 'Бондаренко'),
(37, 'Алексей', 'Макаров'),
(38, 'Ульям', 'Фултон'),
(39, 'Джо', 'Харрис'),
(40, 'Андрей', 'Руденко'),
(41, 'Сергей', 'Самыгин'),
(42, 'Руслан', 'Мальсагов'),
(43, 'Оник', 'Саакян'),
(44, 'Екатерина', 'Кругова'),
(45, 'Наталия', 'Карпова'),
(46, 'Олег', 'Кускашев'),
(47, 'Анна', 'Горшкова'),

(48, 'Ирина', 'Ильина'),
(49, 'Лилия', 'Кузнецова'),
(50, 'Ольга', 'Нефонтова'),
(51, 'Гасилин', 'Андрей'),
(52, 'Юлия', 'Стрельникова'),
(53, 'Дмитрий', 'Гук'),
(54, 'Анатолий', 'Федоров'),
(55, 'Сызранская уездная конференция', '(17 , 1924)'),
(56, 'Симпозиум по легочной патологии', '(1962)'),
(57, 'Лаборатория аэрометодов', '(Ленинград)'),
(58, 'Боорис', 'Чиханов'),
(59, 'Василий', 'Новиков'),
(60, 'Юрий', 'Ерохинauthor_lastnsmeauthor_lastnsme');

INSERT INTO books (book_id, book_name, deposit_price,
rental_price_per_day)
VALUES
(1, 'Гарри Поттер и филосовский камень', NULL, NULL),
(2, 'Гарри Поттер и Тайная комната', NULL, NULL),
(3, 'Гарри Поттер и узник Азкабана', 500.00, 30.00),
(4, 'Гарри Поттер и Кубок огня', 500.00, 30.00),
(5, 'Гарри Поттер и Орден Феникса', 500.00, 30.00),
(6, 'Гарри Поттер и Принц-полукровка', 500.00, 30.00),
(7, 'Гарри Поттер и Дары Смерти', 500.00, 30.00),
(8, 'Гарри Поттер и Проклятое дитя', 500.00, 30.00),
(9, '451° по Фаренгейту', NULL, NULL),
(10, '1984', NULL, NULL),
(11, 'Гордость и предубеждение', NULL, NULL),
(12, 'Унесенные ветром', NULL, NULL),
(13, 'Великий Гэтсби', NULL, NULL),
(14, 'Властелин колец', 1000.00, 50.00),
(15, 'Лев, Колдунья и Волшебный шкаф', 500.00, 35.00),
(16, 'Убить пересмешника', NULL, NULL),
(17, 'Три товарища', NULL, NULL),
(18, 'Триумфальная арка', NULL, NULL),
(19, 'Ночь в Лиссабоне', 250.00, 25.00),
(20, 'Черный обелиск', 300.00, 30.00),
(21, 'Вино из одуванчиков', NULL, NULL),
(22, 'И грянул гром. Сборник рассказов', NULL, NULL),
(23, 'Скотный двор', NULL, NULL),
(24, 'Коллекционер', 500.00, 40.00),
(25, 'Цветы для Элджернона', 500.00, 40.00),
(26, 'Таинственная история Билли Миллигана', 600.00, 45.00),
(27, 'Портрет Дориана Грея', NULL, NULL),
(28, 'Алиса в Стране чудес', NULL, NULL),
(29, 'Алиса в Зазеркалье', NULL, NULL),
(30, 'Приключения Шерлока Холмса', 1500.00, 100.00),
(31, 'Записки о Шерлоке Холмсе', 1000.00, 80.00),
(32, 'Собака Баскервилей', NULL, NULL),
(33, 'Этюд в багровых тонах', NULL, NULL),
(34, 'Мартин Иден', NULL, NULL),
(35, 'Белый Клык', NULL, NULL),

(36, 'Собор Парижской Богоматери', 500.00, 25.00),
(37, 'Джейн Эйр', NULL, NULL),
(38, 'Мастер и Маргарита', NULL, NULL),
(39, 'Собачье сердце', NULL, NULL),
(40, 'Записки юного врача', NULL, NULL),
(41, 'Белая гвардия', NULL, NULL),
(42, 'Поднятая целина', NULL, NULL),
(43, 'Судьба человека', NULL, NULL),
(44, 'Тихий Дон', NULL, NULL),
(45, 'Анна Каренина', NULL, NULL),
(46, 'Война и мир', 1000.00, 70.00),
(47, 'Мертвые души', NULL, NULL),
(48, 'Ревизор', NULL, NULL),
(49, 'Тарас Бульба', NULL, NULL),
(50, 'Вечера на хуторе близ Диканьки', NULL, NULL),
(51, 'Идиот', NULL, NULL),
(52, 'Преступление и наказание', NULL, NULL),
(53, 'Бесы', NULL, NULL),
(54, 'Братья Карамазовы', NULL, NULL),
(55, 'Пиковая дама', NULL, NULL),
(56, 'Евгений Онегин', NULL, NULL),
(57, 'Капитанская дочка', NULL, NULL),
(58, 'Дубровский', NULL, NULL),
(59, 'Сборник стихов Пушкина', 500.00, 40.00),
(60, '150 известных стихотоворений Пушкина', NULL, NULL),
(61, 'Отцы и дети', NULL, NULL),
(62, 'Первая любовь', NULL, NULL),
(63, 'Двенадцать стульев', 600.00, 50.00),
(64, 'Золотой теленок', 600.00, 50.00),
(65, 'Одноэтажная Америка', 600.00, 50.00),
(66, 'Три сестры', NULL, NULL),
(67, 'Вишневый сад', NULL, NULL),
(68, 'Дама с собачкой', NULL, NULL),
(69, 'Рассказы и повести Чехова', NULL, NULL),
(70, 'Большое собрание юмористических рассказов', 500.00,
30.00),
(71, 'Собрание стихотворений Сергея Есенина', NULL, NULL),
(72, 'Гранатовый браслет', NULL, NULL),
(73, 'Куст сирени', NULL, NULL),
(74, 'Чудесный доктор', NULL, NULL),
(75, 'Герой нашего времени', NULL, NULL),
(76, 'Смерть поэта', NULL, NULL),
(77, 'Мцыри', NULL, NULL),
(78, 'Собрание сочинений', NULL, NULL),
(79, 'Пикник на обочине', 500.00, 35.00),
(80, 'Понедельник начинается в субботу', NULL, NULL),
(81, 'Трудно быть Богом', 500.00, 35.00),
(82, 'Учебник русского языка для начальной школы. 4-й класс.
Грамматика, правопимание, развитие речи', NULL, NULL),
(83, 'Алгебра. Учебник для 6-7 класса. Часть I', NULL, NULL),
(84, 'Алгебра. Учебник для 6-7 класса. Часть II', NULL,
NULL),



(85, 'Основы материаловедения. Учебник для высшей школы',
1000.00, 50.00),
(86, 'Вероятность. Теория и компьютерный практикум в R и
EXCEL. Учебник для экономических и гуманитарных специальностей',
1000.00, 50.00),
(87, 'Теория представлений. Начальный курс', 700.00, 40.00),
(88, 'Основы педагогики и психологии', 500.00, 35.00),
(89, 'Пути оптимизации подготовки к радикальным методам
лечения больных раком толстой кишки, осложненным острой
непроходимостью.', 2000, 200.00),
(90, 'Лазерное излучение и эндобилиарная литотрипсия в
хирургическом лечение осложнений желчнокаменной болезни', 2000,
200.00),
(91, 'Становление новой экономики в России: детерминирующая
роль виртуализации денег', 1500, 100.00),
(92, 'Механизм внешнеторговой экспансии японских монополий',
1500, 100.00),
(93, 'Генезис оркестровой музыки в кинематографии ХХ века',
1000, 80.00),
(94, 'А.С. Аренский: личность, творчество, стиль', 500,
60.00),
(95, 'Творческий метод А.П. Боголюбова в контексте русских и
европейских художественных процессов второй половины XIX века',
500, 50.00),
(96, 'Искусство петербургских ювелиров второй половины XVIII
столетия', 500, 50.00),
(97, 'Проблема человека в русской духовно-академической
философии первой половины XIX века', 500, 70.00),
(98, 'Биографический метод Ж.-П. Сартра', 1000, 80.00),
(99, 'Rh(II)-Катализируемые реакции 1-сульфонил-1,2,3-
триазолов с азиринами и азолами со слабыми связями N-O и N-N в
синтезе азотсодержащих гетероциклов', 1500, 100.00),
(100, 'Медьсодержащие производные тиогидантоинов и их
конъюгаты с редокс-активными группировками', 1000, 100.00),
(101, 'Введение фторсодержащих группировок в молекулы моно-
и тритерпеноидов', 1000, 90.00),
(102, 'Тезисы', 1000.00, 100.00),
(103, 'Тезисы СпЛП', 1000.00, 100.00),
(104, 'Обзор иностранной литературы : Реферат', 500, 70.00),
(105, 'Учебник алгебры : Курс сред.-учеб. заведений', NULL,
NULL),
(106, 'Учебник прямолинейной тригонометрии : Курс сред.
учеб. заведений', NULL, NULL),
(107, 'Таблицы пятизначных логарифмов чисел и
тригонометрических величин', NULL, NULL),
(108, 'Телеграфные аппараты и станции', 1000, 70.00),
(109, 'Окислительно-восстановительные реакции : (Метод.
разраб.)', NULL, NULL),
(110, 'Сборник задач и упражнений по химии : (С дидакт.
материалом) : Учеб. пособие для студентов учреждений сред. проф.
образования', NULL, NULL);

INSERT INTO book_author (book_id, author_id)
VALUES
(1, 1),
(2, 1),
(3, 1),
(4, 1),
(5, 1),
(6, 1),
(7, 1),
(8, 1),
(9, 2),
(10, 3),
(11, 4),
(12, 5),
(13, 6),
(14, 7),
(15, 8),
(16, 9),
(17, 10),
(18, 10),
(19, 10),
(20, 10),
(21, 2),
(22, 2),
(23, 3),
(24, 11),
(25, 12),
(26, 12),
(27, 13),
(28, 14),
(29, 14),
(30, 15),
(31, 15),
(32, 15),
(33, 15),
(34, 16),
(35, 16),
(36, 17),
(37, 18),
(38, 19),
(39, 19),
(40, 19),
(41, 19),
(42, 20),
(43, 20),
(44, 20),
(45, 21),
(46, 21),
(47, 22),
(48, 22),
(49, 22),
(50, 22),

(51, 23),
(52, 23),
(53, 23),
(54, 23),
(55, 24),
(56, 24),
(57, 24),
(58, 24),
(59, 24),
(60, 24),
(61, 25),
(62, 25),
(63, 26),
(63, 27),
(64, 26),
(64, 27),
(65, 26),
(65, 27),
(66, 28),
(67, 28),
(68, 28),
(69, 28),
(70, 28),
(71, 29),
(72, 30),
(73, 30),
(74, 30),
(75, 31),
(76, 31),
(77, 31),
(78, 31),
(79, 32),
(79, 33),
(80, 32),
(80, 33),
(81, 32),
(81, 33),
(82, 34),
(83, 35),
(84, 35),
(85, 36),
(86, 37),
(87, 38),
(87, 39),
(88, 40),
(88, 41),
(89, 42),
(90, 43),
(91, 44),
(92, 45),
(93, 46),
(94, 47),
(95, 48),


(96, 49),
(97, 50),
(98, 51),
(99, 52),
(100, 53),
(101, 54),
(102, 55),
(103, 56),
(104, 57),
(105, 58),
(106, 58),
(107, 58),
(108, 59),
(109, 60),
(110, 61)

use library_db;
INSERT INTO genres (genre_id, genre_name)
VALUES
(1, 'Роман'),
(2, 'Фэнтези'),
(3, 'Книги для детей'),
(4, 'Книги для подростков'),
(5, 'Зарубежная классика'),
(6, 'Повесть'),
(7, 'Детектив'),
(8, 'Фантастика'),
(9, 'Русская классика'),
(10, 'Рассказ'),
(11, 'Сборник'),
(12, 'Учебник'),
(13, 'Реферат'),
(14, 'Тезисы'),
(15, 'Стихотворения'),
(16, 'Диссертация'),
(17, 'Поэма'),
(18, 'Пьеса'),
(19, 'Сказка'),
(20, 'Драма'),
(21, 'Любовный роман'),
(22, 'Учебник для ВУЗов'),
(23, 'Школьный учебник'),
(24, 'Антиутопия'),
(25, 'Исторический жанр'),
(26, 'Военный жанр'),
(27, 'Триллер'),
(28, 'Комедия');

INSERT INTO book_genre (book_id, genre_id)
VALUES
(1, 1),


(1, 2),
(1, 3),
(1, 4),
(2, 1),
(2, 2),
(2, 3),
(2, 4),
(3, 1),
(3, 2),
(3, 3),
(3, 4),
(4, 1),
(4, 2),
(4, 4),
(5, 1),
(5, 2),
(5, 4),
(6, 1),
(6, 2),
(6, 4),
(7, 1),
(7, 2),
(7, 4),
(8, 1),
(8, 2),
(8, 4),
(9, 8),
(9, 5),
(9, 24),
(10, 24),
(10, 5),
(11, 1),
(11, 21),
(11, 5),
(12, 1),
(12, 5),
(12, 25),
(13, 1),
(13, 5),
(13, 20),
(14, 1),
(14, 2),
(15, 1),
(15, 2),
(16, 1),
(16, 25),
(16, 27),
(17, 1),
(17, 26),
(18, 1),
(18, 26),
(18, 25),
(19, 1),


(19, 26),
(20, 1),
(21, 1),
(22, 11),
(23, 6),
(23, 24),
(24, 1),
(24, 27),
(25, 1),
(25, 8),
(25, 10),
(26, 1),
(26, 8),
(26, 10),
(27, 1),
(28, 19),
(28, 3),
(28, 4),
(29, 19),
(29, 3),
(29, 4),
(30, 6),
(30, 7),
(31, 6),
(31, 7),
(32, 6),
(32, 7),
(33, 6),
(33, 7),
(34, 1),
(35, 6),
(36, 1),
(36, 20),
(37, 1),
(37, 21),
(38, 1),
(38, 9),
(38, 8),
(39, 6),
(39, 9),
(39, 8),
(39, 24),
(40, 11),
(40, 9),
(41, 1),
(41, 9),
(41, 25),
(42, 1),
(42, 9),
(43, 10),
(43, 9),
(44, 1),
(44, 9),


(44, 26),
(44, 25),
(45, 21),
(45, 9),
(45, 1),
(46, 1),
(46, 9),
(46, 21),
(46, 25),
(46, 26),
(47, 1),
(47, 9),
(48, 28),
(48, 9),
(49, 6),
(49, 9),
(49, 21),
(49, 25),
(50, 6),
(50, 9),
(50, 11),
(51, 1),
(51, 9),
(52, 1),
(52, 9),
(53, 1),
(53, 9),
(54, 1),
(54, 9),
(55, 6),
(55, 9),
(56, 9),
(56, 15),
(56, 17),
(57, 1),
(57, 9),
(57, 25),
(58, 1),
(58, 9),
(59, 9),
(59, 11),
(59, 15),
(60, 9),
(60, 11),
(60, 15),
(61, 1),
(61, 9),
(62, 6),
(62, 9),
(63, 1),
(63, 9),
(63, 28),
(64, 1),


(64, 9),
(64, 28),
(65, 1),
(65, 9),
(66, 9),
(66, 18),
(66, 20),
(67, 9),
(67, 18),
(67, 20),
(68, 9),
(68, 6),
(68, 10),
(69, 9),
(69, 10),
(69, 11),
(70, 28),
(70, 11),
(71, 11),
(71, 15),
(71, 9),
(72, 6),
(72, 9),
(73, 6),
(73, 9),
(74, 6),
(74, 9),
(75, 1),
(75, 9),
(76, 15),
(76, 9),
(77, 9),
(77, 17),
(78, 11),
(78, 9),
(79, 8),
(79, 9),
(80, 8),
(80, 9),
(80, 28),
(81, 8),
(81, 9),
(82, 12),
(82, 23),
(83, 12),
(83, 23),
(84, 12),
(84, 23),
(85, 12),
(85, 22),
(86, 12),
(86, 22),
(87, 12),


(87, 22),
(88, 12),
(88, 22),
(89, 16),
(90, 16),
(91, 16),
(92, 16),
(93, 16),
(94, 16),
(95, 16),
(96, 16),
(97, 16),
(98, 16),
(99, 16),
(100, 16),
(101, 16),
(102, 14),
(103, 14),
(104, 13),
(105, 12),
(105, 23),
(106, 12),
(106, 23),
(107, 12),
(108, 12),
(108, 22),
(109, 12),
(109, 22),
(110, 12),
(110, 22);

INSERT INTO discounts (discount_id, discount_name, percent)
VALUES
(1, 'Социальная скидка', 15),
(2, 'Скидка для учащихся', 15);

INSERT INTO occupations (occupation_id, occupation_name)
VALUES
(1, 'Студент'),
(2, 'Преподаватель'),
(3, 'Научнаый работник'),
(4, 'Школьник'),
(5, 'Военнослужащий'),
(6, 'Пенсионер'),
(7, 'Безработный'),
(8, 'Рабочий'),
(9, 'С ограничениями по здоровью');

INSERT INTO discount_occupations (discount_id, occupation_id)
VALUES


(2, 1),
(2, 4),
(1, 5),
(1, 6),

INSERT INTO publishers (publisher_id, publisher_name)
VALUES
(1,'Эксмо'),
(2,'АСТ'),
(3,'Классика'),
(4,'Просвещение'),
(5,'Росмэн'),
(6,'Азбука'),
(7,'Альпина Паблишер'),
(8,'Бомбора'),
(9,'Лабиринт Пресс';

INSERT INTO librarians (librarian_id, librarian_lastname,
librarian_name, librarian_surname)
VALUES
(1, 'Купцова', 'Полина', 'Дмитриевна'),
(2, 'Павлюхин', 'Кирилл', 'Александрович'),
(3, 'Сован', 'Вячеслав', 'Денисович'),
(4, 'Корженец', 'Павел', 'Игоревич');

INSERT INTO readers (reader_id, reader_lastname, reader_name,
reader_surname, reader_adress, reader_phone, characteristic_id)
VALUES
(1, 'Шубина', 'Александра', 'Федоровна', 'г. Санкт-Петербург,
Невский пр., д. 15, кв. 34', '+79161234567', 12),
(2, 'Гаврилов', 'Вышеслав', 'Венедиктович', 'г. Санкт-Петербург,
ул. Садовая, д. 42, кв. 12', '+79162345678', 1),
(3, 'Игнатьев', 'Родион', 'Андреевич', 'г. Санкт-Петербург,
Литейный пр., д. 56, кв. 78', '+79163456789', 34),
(4, 'Гаврилова', 'Регина', 'Альбертовна', 'г. Санкт-Петербург,
ул. Марата, д. 23, кв. 45', '+79164567890', 27),
(5, 'Михеева', 'Валерия', 'Леонидовна', 'г. Санкт-Петербург,
Каменноостровский пр., д. 17, кв. 9', '+79165678901', 28),
(6, 'Тимофеева', 'Елена', 'Эльдаровна', 'г. Санкт-Петербург, ул.
Рубинштейна, д. 33, кв. 21', '+79166789012', 34),
(7, 'Дементьева', 'Октябрина', 'Болеславовна', 'г. Санкт-
Петербург, ул. Чайковского, д. 105, кв. 67', '+79167890123', 34),
(8, 'Цветков', 'Панфил', 'Гурьевич', 'г. Санкт-Петербург, ул.
Восстания, д. 12, кв. 34', '+79168901234', 27),
(9, 'Сидорова', 'Татьяна', 'Петровна', 'г. Санкт-Петербург, ул.
Марата, д. 12, кв. 56', '+79169012345', 36),
(10, 'Сорокин', 'Прокофий', 'Аксёнович', 'г. Санкт-Петербург, ул.
Гороховая, д. 45, кв. 78', '+79160123456', 31),
(11, 'Туров', 'Харитон', 'Измаилович', 'г. Санкт-Петербург, ул.
Марата, д. 67, кв. 89', '+79161234567', 33),


(12, 'Фадеев', 'Алексей', 'Федосьевич', 'г. Санкт-Петербург,
Невский пр., д. 89, кв. 10', '+79162345678', 27),
(13, 'Мясников', 'Эдуард', 'Геннадиевич', 'г. Санкт-Петербург,
ул. Садовая, д. 34, кв. 12', '+79163456789', 12),
(14, 'Маркова', 'Вера', 'Леоновна', 'г. Санкт-Петербург, Литейный
пр., д. 56, кв. 34', '+79164567890', 1),
(15, 'Беляева', 'Милица', 'Юльевна', 'г. Санкт-Петербург,
Каменноостровский пр., д. 78, кв. 56', '+79165678901', 21),
(16, 'Потапов', 'Остромир', 'Игнатьевич', 'г. Санкт-Петербург,
ул. Рубинштейна, д. 90, кв. 78', '+79166789012', 36),
(17, 'Титов', 'Галактион', 'Феоктистович', 'г. Санкт-Петербург,
ул. Чайковского, д. 12, кв. 34', '+79167890123', 12),
(18, 'Белова', 'Глафира', 'Петровна', 'г. Санкт-Петербург, ул.
Восстания, д. 34, кв. 56', '+79168901234', 1),
(19, 'Богданов', 'Афиноген', 'Федосеевич', 'г. Санкт-Петербург,
ул. Марата, д. 56, кв. 78', '+79169012345', 28),

(20, 'Зуева', 'Евфросиния', 'Болеславовна', 'г. Санкт-Петербург,
Невский пр., д. 78, кв. 90', '+79160123456', 27),
(21, 'Чернова', 'Варвара', 'Архиповна', 'г. Санкт-Петербург, ул.
Гражданская, д. 15, кв. 23', '+79161234567', 34),
(22, 'Муравьев', 'Ефрем', 'Зиновьевич', 'г. Санкт-Петербург, ул.
Маяковского, д. 25, кв. 47', '+79162345678', 34),
(23, 'Жданов', 'Ипполит', 'Валерьянович', 'г. Санкт-Петербург,
ул. Восстания, д. 35, кв. 69', '+79163456789', 21),
(24, 'Кузнецова', 'Ирина', 'Романовна', 'г. Санкт-Петербург, ул.
Марата, д. 45, кв. 81', '+79164567890', 27),
(25, 'Некрасов', 'Всеслав', 'Матвеевич', 'г. Санкт-Петербург,
Литейный пр., д. 55, кв. 93', '+79165678901', 31),
(26, 'Жукова', 'Тамара', 'Геннадиевна', 'г. Санкт-Петербург,
Каменноостровский пр., д. 65, кв. 15', '+79166789012', 1),
(27, 'Лукин', 'Иннокентий', 'Демьянович', 'г. Санкт-Петербург,
ул. Рубинштейна, д. 75, кв. 27', '+79167890123', 31),
(28, 'Евдокимов', 'Прокл', 'Харитонович', 'г. Санкт-Петербург,
ул. Чайковского, д. 85, кв. 39', '+79168901234', 27),
(29, 'Белов', 'Никита', 'Архипович', 'г. Санкт-Петербург, Невский
пр., д. 95, кв. 51', '+79169012345', 12),
(30, 'Бирюкова', 'Таисия', 'Вячеславовна', 'г. Санкт-Петербург,
ул. Садовая, д. 105, кв. 63', '+79160123456', 34),
(31, 'Белозерова', 'Вероника', 'Афанасьевна', 'г. Санкт-
Петербург, ул. Марата, д. 115, кв. 75', '+79161234567', 34),
(32, 'Зимина', 'Екатерина', 'Болеславовна', 'г. Санкт-Петербург,
ул. Восстания, д. 125, кв. 87', '+79162345678', 27),
(33, 'Нестеров', 'Лазарь', 'Артемьевич', 'г. Санкт-Петербург,
Литейный пр., д. 135, кв. 99', '+79163456789', 12),
(34, 'Ильина', 'Элеонора', 'Евгеньевна', 'г. Санкт-Петербург,
Каменноостровский пр., д. 145, кв. 11', '+79164567890', 1),
(35, 'Орлов', 'Селиверст', 'Валерьевич', 'г. Санкт-Петербург, ул.
Рубинштейна, д. 155, кв. 23', '+79165678901', 34),
(36, 'Яковлева', 'Алла', 'Леонидовна', 'г. Санкт-Петербург, ул.
Чайковского, д. 165, кв. 35', '+79166789012', 27),
(37, 'Громов', 'Евдоким', 'Юльевич', 'г. Санкт-Петербург, Невский
пр., д. 175, кв. 47', '+79167890123', 34),


(38, 'Шашкова', 'Надежда', 'Святославовна', 'г. Санкт-Петербург,
ул. Садовая, д. 185, кв. 59', '+79168901234', 1),
(39, 'Иванов', 'Викторин', 'Трифонович', 'г. Санкт-Петербург, ул.
Марата, д. 195, кв. 71', '+79169012345', 21),
(40, 'Матвеева', 'Синклитикия', 'Ждановна', 'г. Санкт-Петербург,
ул. Восстания, д. 205, кв. 83', '+79160123456', 36),
(41, 'Лаврентьев', 'Осип', 'Антипович', 'г. Санкт-Петербург,
Литейный пр., д. 215, кв. 95', '+79161234567', 12),
(42, 'Сергеева', 'Оксана', 'Львовна', 'г. Санкт-Петербург,
Каменноостровский пр., д. 225, кв. 17', '+79162345678', 1),
(43, 'Силина', 'София', 'Павловна', 'г. Санкт-Петербург, ул.
Рубинштейна, д. 235, кв. 29', '+79163456789', 33),
(44, 'Сафонова', 'Людмила', 'Валериевна', 'г. Санкт-Петербург,
ул. Чайковского, д. 245, кв. 41', '+79164567890', 27),
(45, 'Федоров', 'Родион', 'Ануфриевич', 'г. Санкт-Петербург,
Невский пр., д. 255, кв. 53', '+79165678901', 12),

(46, 'Фомина', 'Раиса', 'Анатольевна', 'г. Санкт-Петербург, ул.
Садовая, д. 265, кв. 65', '+79166789012', 34),
(47, 'Тарасов', 'Евстафий', 'Теймуразович', 'г. Санкт-Петербург,
ул. Марата, д. 275, кв. 77', '+79167890123', 21),
(48, 'Филатова', 'Пелагея', 'Тимофеевна', 'г. Санкт-Петербург,
ул. Восстания, д. 285, кв. 89', '+79168901234', 27),
(49, 'Ситников', 'Флорентин', 'Ильич', 'г. Санкт-Петербург,
Литейный пр., д. 295, кв. 11', '+79169012345', 12),
(50, 'Васильев', 'Бронислав', 'Артемьевич', 'г. Санкт-Петербург,
Каменноостровский пр., д. 305, кв. 23', '+79160123456', 28);

INSERT INTO book_copies (copy_id, book_id, publisher_id, status)
VALUES
(1, 1, 1, 'Доступно'),
(2, 2, 2, 'Доступно'),
(3, 3, 3, 'Доступно'),
(4, 3, 4, 'Аренда'),
(5, 4, 5, 'Доступно'),
(6, 5, 6, 'Доступно'),
(7, 6, 7, 'Доступно'),
(8, 7, 8, 'Списано'),
(9, 8, 9, 'Доступно'),
(10, 9, 1, 'Доступно'),
(11, 9, 2, 'Доступно'),
(12, 10, 3, 'Аренда'),
(13, 11, 4, 'Доступно'),
(14, 12, 5, 'Доступно'),
(15, 13, 6, 'Доступно'),
(16, 14, 7, 'Доступно'),
(17, 14, 8, 'Доступно'),
(18, 15, 9, 'Доступно'),
(19, 16, 1, 'Доступно'),
(20, 17, 2, 'Списано'),
(21, 18, 3, 'Доступно'),
(22, 19, 4, 'Доступно'),


(23, 20, 5, 'Аренда'),
(24, 21, 1, 'Доступно'),
(25, 22, 2, 'Доступно'),
(26, 23, 3, 'Доступно'),
(27, 23, 4, 'Аренда'),
(28, 24, 5, 'Доступно'),
(29, 25, 6, 'Доступно'),
(30, 26, 7, 'Доступно'),
(31, 27, 8, 'Списано'),
(32, 28, 9, 'Доступно'),
(33, 29, 1, 'Доступно'),
(34, 29, 2, 'Доступно'),
(35, 30, 3, 'Аренда'),
(36, 31, 4, 'Доступно'),
(37, 32, 5, 'Доступно'),
(38, 33, 6, 'Доступно'),
(39, 34, 7, 'Доступно'),
(40, 34, 8, 'Доступно'),
(41, 35, 9, 'Доступно'),
(42, 36, 1, 'Доступно'),
(43, 37, 2, 'Списано'),
(44, 38, 3, 'Доступно'),
(45, 39, 4, 'Доступно'),
(46, 40, 5, 'Аренда'),
(47, 41, 6, 'Доступно'),
(48, 42, 7, 'Доступно'),
(49, 43, 8, 'Доступно'),
(50, 44, 9, 'Доступно'),
(51, 45, 1, 'Доступно'),
(52, 46, 2, 'Доступно'),
(53, 47, 3, 'Доступно'),
(54, 48, 4, 'Доступно'),
(55, 49, 5, 'Списано'),
(56, 50, 6, 'Доступно'),
(57, 50, 7, 'Аренда'),
(58, 51, 8, 'Доступно'),
(59, 52, 9, 'Доступно'),
(60, 53, 1, 'Доступно'),
(61, 54, 2, 'Доступно'),
(62, 55, 3, 'Аренда'),
(63, 56, 4, 'Доступно'),
(64, 57, 5, 'Доступно'),
(65, 58, 6, 'Доступно'),
(66, 59, 7, 'Аренда'),
(67, 60, 8, 'Доступно'),
(68, 61, 9, 'Доступно'),
(69, 62, 1, 'Доступно'),
(70, 63, 2, 'Доступно'),
(71, 64, 3, 'Доступно'),
(72, 65, 4, 'Списано'),
(73, 66, 5, 'Доступно'),
(74, 67, 6, 'Доступно'),
(75, 68, 7, 'Аренда'),


(76, 69, 8, 'Доступно'),
(77, 70, 9, 'Доступно'),
(78, 71, 1, 'Доступно'),
(79, 72, 2, 'Аренда'),
(80, 73, 3, 'Доступно'),
(81, 74, 4, 'Доступно'),
(82, 75, 5, 'Доступно'),
(83, 76, 6, 'Списано'),
(84, 77, 7, 'Доступно'),
(85, 78, 8, 'Аренда'),
(86, 79, 9, 'Доступно'),
(87, 80, 1, 'Аренда'),
(88, 81, 2, 'Доступно'),
(89, 82, 3, 'Доступно'),
(90, 83, 4, 'Доступно'),
(91, 84, 5, 'Доступно'),
(92, 85, 6, 'Доступно'),
(93, 86, 7, 'Доступно'),
(94, 87, 8, 'Доступно'),
(95, 88, 9, 'Доступно'),
(96, 89, 1, 'Доступно'),
(97, 90, 2, 'Аренда'),
(98, 91, 3, 'Доступно'),
(99, 92, 4, 'Доступно'),
(100, 93, 5, 'Списано'),
(101, 94, 6, 'Доступно'),
(102, 95, 7, 'Доступно'),
(103, 96, 8, 'Доступно'),
(104, 97, 9, 'Доступно'),
(105, 98, 1, 'Доступно'),
(106, 99, 2, 'Аренда'),
(107, 100, 3, 'Аренда'),
(108, 101, 4, 'Доступно'),
(109, 102, 5, 'Доступно'),
(110, 103, 6, 'Доступно'),
(111, 104, 7, 'Доступно'),
(112, 105, 8, 'Доступно'),
(113, 106, 9, 'Доступно'),
(114, 107, 1, 'Доступно'),
(115, 108, 2, 'Доступно'),
(116, 109, 3, 'Списано'),
(117, 110, 4, 'Доступно');

INSERT INTO inventory_logs (log_id, copy_id, action, quantity,
date, reason)
VALUES
(1, 1, 'Поставка', 10, '2021-01-05', NULL),
(2, 2, 'Поставка', 10, '2021-01-06', NULL),
(3, 3, 'Поставка', 12, '2021-01-07', NULL),
(4, 4, 'Поставка', 13, '2021-01-08', NULL),
(5, 5, 'Поставка', 11, '2021-01-09', NULL),
(6, 6, 'Поставка', 14, '2021-01-10', NULL),


(7, 7, 'Поставка', 10, '2021-01-11', NULL),
(8, 8, 'Поставка', 15, '2021-01-12', NULL),
(9, 8, 'Списание', 15, '2022-03-01', 'Износ'),
(10, 9, 'Поставка', 13, '2021-01-13', NULL),
(11, 10, 'Поставка', 10, '2021-01-14', NULL),
(12, 11, 'Поставка', 10, '2021-01-15', NULL),
(13, 12, 'Поставка', 12, '2021-01-16', NULL),
(14, 13, 'Поставка', 10, '2021-01-17', NULL),
(15, 14, 'Поставка', 11, '2021-01-18', NULL),
(16, 15, 'Поставка', 14, '2021-01-19', NULL),
(17, 16, 'Поставка', 13, '2021-01-20', NULL),
(18, 17, 'Поставка', 12, '2021-01-21', NULL),
(19, 17, 'Списание', 12, '2022-03-03', 'Повреждение'),
(20, 18, 'Поставка', 15, '2021-01-22', NULL),
(21, 19, 'Поставка', 10, '2021-01-23', NULL),
(22, 20, 'Поставка', 14, '2021-01-24', NULL),
(23, 20, 'Списание', 14, '2022-03-04', 'Потеря'),
(24, 21, 'Поставка', 13, '2021-01-25', NULL),
(25, 22, 'Поставка', 12, '2021-01-26', NULL),
(26, 23, 'Поставка', 11, '2021-01-27', NULL),
(27, 24, 'Поставка', 14, '2021-01-28', NULL),
(28, 25, 'Поставка', 15, '2021-01-29', NULL),
(29, 26, 'Поставка', 10, '2021-01-30', NULL),
(30, 27, 'Поставка', 12, '2021-01-31', NULL),
(31, 27, 'Списание', 12, '2022-03-06', 'Утеряна'),
(32, 28, 'Поставка', 13, '2021-02-01', NULL),
(33, 29, 'Поставка', 11, '2021-02-02', NULL),
(34, 30, 'Поставка', 10, '2021-02-03', NULL),
(35, 31, 'Поставка', 10, '2021-02-04', NULL),
(36, 31, 'Списание', 10, '2022-03-07', 'Старое'),
(37, 32, 'Поставка', 14, '2021-02-05', NULL),
(38, 33, 'Поставка', 13, '2021-02-06', NULL),
(39, 34, 'Поставка', 10, '2021-02-07', NULL),
(40, 35, 'Поставка', 12, '2021-02-08', NULL),
(41, 36, 'Поставка', 11, '2021-02-09', NULL),
(42, 37, 'Поставка', 13, '2021-02-10', NULL),
(43, 37, 'Списание', 13, '2022-03-08', 'Повреждение'),
(44, 38, 'Поставка', 12, '2021-02-11', NULL),
(45, 39, 'Поставка', 14, '2021-02-12', NULL),
(46, 40, 'Поставка', 15, '2021-02-13', NULL),
(47, 41, 'Поставка', 10, '2021-02-14', NULL),
(48, 42, 'Поставка', 11, '2021-02-15', NULL),
(49, 43, 'Поставка', 10, '2021-02-16', NULL),
(50, 44, 'Поставка', 13, '2021-02-17', NULL),
(51, 45, 'Поставка', 12, '2021-02-18', NULL),
(52, 46, 'Поставка', 14, '2021-02-19', NULL),
(53, 47, 'Поставка', 15, '2021-02-20', NULL),
(54, 48, 'Поставка', 10, '2021-02-21', NULL),
(55, 49, 'Поставка', 13, '2021-02-22', NULL),
(56, 50, 'Поставка', 14, '2021-02-23', NULL),
(57, 50, 'Списание', 14, '2022-03-10', 'Износ'),
(58, 51, 'Поставка', 12, '2021-02-24', NULL),
(59, 52, 'Поставка', 11, '2021-02-25', NULL),


(60, 53, 'Поставка', 13, '2021-02-26', NULL),
(61, 54, 'Поставка', 12, '2021-02-27', NULL),
(62, 55, 'Поставка', 14, '2021-02-28', NULL),
(63, 55, 'Списание', 14, '2022-03-11', 'Повреждение'),
(64, 56, 'Поставка', 13, '2021-03-01', NULL),
(65, 57, 'Поставка', 15, '2021-03-02', NULL),
(66, 58, 'Поставка', 12, '2021-03-03', NULL),
(67, 59, 'Поставка', 10, '2021-03-04', NULL),
(68, 60, 'Поставка', 11, '2021-03-05', NULL),
(69, 61, 'Поставка', 14, '2021-03-06', NULL),
(70, 62, 'Поставка', 15, '2021-03-07', NULL),
(71, 63, 'Поставка', 13, '2021-03-08', NULL),
(72, 64, 'Поставка', 12, '2021-03-09', NULL),
(73, 65, 'Поставка', 11, '2021-03-10', NULL),
(74, 66, 'Поставка', 14, '2021-03-11', NULL),
(75, 67, 'Поставка', 13, '2021-03-12', NULL),
(76, 68, 'Поставка', 12, '2021-03-13', NULL),
(77, 69, 'Поставка', 10, '2021-03-14', NULL),
(78, 70, 'Поставка', 14, '2021-03-15', NULL),
(79, 71, 'Поставка', 15, '2021-03-16', NULL),
(80, 72, 'Поставка', 11, '2021-03-17', NULL),
(81, 73, 'Поставка', 10, '2021-03-18', NULL),
(82, 74, 'Поставка', 14, '2021-03-19', NULL),
(83, 75, 'Поставка', 13, '2021-03-20', NULL),
(84, 76, 'Поставка', 12, '2021-03-21', NULL),
(85, 76, 'Списание', 12, '2022-03-20', 'Изношена'),
(86, 77, 'Поставка', 15, '2021-03-22', NULL),
(87, 78, 'Поставка', 11, '2021-03-23', NULL),
(88, 78, 'Списание', 11, '2022-03-21', 'Порча'),
(89, 79, 'Поставка', 14, '2021-03-24', NULL),
(90, 80, 'Поставка', 13, '2021-03-25', NULL),
(91, 81, 'Поставка', 12, '2021-03-26', NULL),
(92, 82, 'Поставка', 15, '2021-03-27', NULL),
(93, 83, 'Поставка', 10, '2021-03-28', NULL),
(94, 84, 'Поставка', 13, '2021-03-29', NULL),
(95, 85, 'Поставка', 14, '2021-03-30', NULL),
(96, 86, 'Поставка', 12, '2021-03-31', NULL),
(97, 87, 'Поставка', 11, '2021-04-01', NULL),
(98, 88, 'Поставка', 10, '2021-04-02', NULL),
(99, 89, 'Поставка', 14, '2021-04-03', NULL),
(100, 90, 'Поставка', 15, '2021-04-04', NULL),
(101, 90, 'Списание', 15, '2022-03-25', 'Повреждение'),
(102, 91, 'Поставка', 12, '2021-04-05', NULL),
(103, 92, 'Поставка', 10, '2021-04-06', NULL),
(104, 93, 'Поставка', 13, '2021-04-07', NULL),
(105, 93, 'Списание', 13, '2022-03-26', 'Износ'),
(106, 94, 'Поставка', 14, '2021-04-08', NULL),
(107, 95, 'Поставка', 15, '2021-04-09', NULL),
(108, 96, 'Поставка', 10, '2021-04-10', NULL),
(109, 97, 'Поставка', 13, '2021-04-11', NULL),
(110, 98, 'Поставка', 12, '2021-04-12', NULL),
(111, 99, 'Поставка', 14, '2021-04-13', NULL),
(112, 100, 'Поставка', 15, '2021-04-14', NULL),


(113, 101, 'Поставка', 13, '2021-04-15', NULL),
(114, 102, 'Поставка', 12, '2021-04-16', NULL),
(115, 103, 'Поставка', 10, '2021-04-17', NULL),
(116, 104, 'Поставка', 11, '2021-04-18', NULL),
(117, 105, 'Поставка', 14, '2021-04-19', NULL),
(118, 106, 'Поставка', 13, '2021-04-20', NULL),
(119, 107, 'Поставка', 12, '2021-04-21', NULL),
(120, 108, 'Поставка', 15, '2021-04-22', NULL),
(121, 109, 'Поставка', 10, '2021-04-23', NULL),
(122, 109, 'Списание', 10, '2022-03-27', 'Списание по
сроку'),
(123, 110, 'Поставка', 14, '2021-04-24', NULL),
(124, 111, 'Поставка', 12, '2021-04-25', NULL),
(125, 112, 'Поставка', 10, '2021-04-26', NULL),
(126, 113, 'Поставка', 11, '2021-04-27', NULL),
(127, 114, 'Поставка', 13, '2021-04-28', NULL),
(128, 115, 'Поставка', 14, '2021-04-29', NULL),
(129, 116, 'Поставка', 15, '2021-04-30', NULL),
(130, 116, 'Списание', 15, '2022-03-28', 'Износ'),
(131, 117, 'Поставка', 12, '2021-05-01', NULL),
(132, 115, 'Списание', 5, '2021-04-29', NULL),
(133, 28, 'Списание', 1, '2022-06-12', 'Утеря читателем'),
(134, 40, 'Списание', 3, '2022-07-03', 'Изношена'),
(135, 51, 'Списание', 2, '2022-08-15', 'Износ'),
(136, 84, 'Списание', 1, '2022-09-21', 'Физический износ'),
(137, 105, 'Списание', 1, '2022-10-05', 'Порвана обложка'),
(138, 111, 'Списание', 1, '2022-11-19', 'Утрата
экземпляра'),
(139, 117, 'Списание', 3, '2022-12-01', 'Износ страниц');

INSERT INTO rentals (rentals_id, copy_id, reader_id,
librarian_id, issue_date, expected_date, return_date,
total_rental_cost, fine_size)
VALUES
(1, 52, 2, 1, '2025-01-10', '2025-02-10', '2025-02-09', 2170.00,
0.00),
(2, 16, 13, 2, '2025-01-15', '2025-02-15', '2025-02-18', 1550.00,
15.00),
(3, 36, 45, 3, '2025-02-20', '2025-03-20', '2025-03-20', 1000.00,
0.00),
(4, 88, 49, 4, '2025-03-01', '2025-04-01', '2025-04-01', 1085.00,
0.00),
(5, 87, 23, 1, '2025-01-05', '2025-02-05', '2025-02-07', 800.00,
10.00),
(6, 95, 39, 2, '2025-02-10', '2025-03-10', '2025-03-10', 1750.00,
0.00),
(7, 99, 47, 3, '2025-03-15', '2025-04-15', NULL, 3100.00, 0.00),
(8, 3, 1, 4, '2025-01-12', '2025-02-12', '2025-02-15', 790.50,
15.00),
(9, 18, 14, 1, '2025-02-15', '2025-03-15', '2025-03-15', 922.25,
0.00),
(10, 59, 26, 2, '2025-03-20', '2025-04-20', NULL, 1054.00, 0.00),


(11, 1, 4, 3, '2025-01-08', '2025-02-08', '2025-02-08', 0.00,
0.00),
(12, 10, 8, 4, '2025-02-10', '2025-03-10', '2025-03-12', 0.00,
10.00),
(13, 25, 12, 1, '2025-03-15', '2025-04-15', '2025-04-15', 0.00,
0.00),
(14, 63, 19, 2, '2025-01-20', '2025-02-20', '2025-02-20', 0.00,
0.00),
(15, 70, 25, 3, '2025-02-25', '2025-03-25', '2025-03-28',
2125.00, 15.00),
(16, 88, 50, 4, '2025-03-30', '2025-04-30', NULL, 922.25, 0.00),
(17, 56, 10, 1, '2025-01-15', '2025-02-15', '2025-02-15', 0.00,
0.00),
(18, 69, 27, 2, '2025-02-20', '2025-03-20', '2025-03-22', 0.00,
10.00),
(19, 76, 25, 3, '2025-03-25', '2025-04-25', '2025-04-25', 0.00,
0.00),
(20, 22, 43, 4, '2025-01-10', '2025-02-10', '2025-02-12', 625.00,
10.00),
(21, 24, 21, 1, '2025-02-15', '2025-03-15', '2025-03-15', 0.00,
0.00),
(22, 78, 30, 2, '2025-03-20', '2025-04-20', NULL, 0.00, 0.00),
(23, 4, 3, 3, '2025-01-05', '2025-02-05', NULL, 930.00, 0.00),
(24, 23, 6, 4, '2025-02-10', '2025-03-10', NULL, 900.00, 0.00),
(25, 35, 7, 1, '2025-03-15', '2025-04-15', NULL, 3100.00, 0.00),
(26, 46, 21, 2, '2025-01-20', '2025-02-20', NULL, 0.00, 0.00),
(27, 57, 30, 3, '2025-02-25', '2025-03-25', NULL, 1240.00, 0.00),
(28, 62, 31, 4, '2025-03-30', '2025-04-30', NULL, 0.00, 0.00),
(29, 75, 35, 1, '2025-01-15', '2025-02-15', NULL, 0.00, 0.00),
(30, 79, 37, 2, '2025-02-20', '2025-03-20', NULL, 1085.00, 0.00),
(31, 85, 46, 3, '2025-03-25', '2025-04-25', NULL, 1085.00, 0.00),
(32, 9, 9, 4, '2025-01-08', '2025-02-08', '2025-02-10', 0.00,
10.00),
(33, 28, 16, 1, '2025-02-12', '2025-03-12', '2025-03-15', 850.00,
15.00),
(34, 42, 20, 2, '2025-03-18', '2025-04-18', NULL, 0.00, 0.00),
(35, 54, 24, 3, '2025-01-22', '2025-02-22', '2025-02-25', 0.00,
15.00),
(36, 67, 40, 4, '2025-02-26', '2025-03-26', '2025-03-26', 0.00,
0.00),
(37, 5, 5, 1, '2025-01-15', '2025-02-15', '2025-02-18', 790.50,
15.00),
(38, 13, 11, 2, '2025-02-20', '2025-03-20', '2025-03-20', 0.00,
0.00),
(39, 19, 15, 3, '2025-03-25', '2025-04-25', '2025-04-28', 0.00,
15.00),
(40, 29, 17, 4, '2025-01-30', '2025-02-28', '2025-03-03', 850.00,
25.00),
(41, 37, 18, 1, '2025-02-05', '2025-03-05', '2025-03-05', 0.00,
0.00),
(42, 43, 22, 2, '2025-03-10', '2025-04-10', '2025-04-12', 0.00,
10.00),



(43, 49, 28, 3, '2025-01-15', '2025-02-15', '2025-02-15', 0.00,
0.00),
(44, 55, 29, 4, '2025-02-20', '2025-03-20', '2025-03-23', 0.00,
15.00),
(45, 61, 32, 1, '2025-03-25', '2025-04-25', NULL, 0.00, 0.00),
(46, 68, 33, 2, '2025-01-30', '2025-02-28', '2025-03-02', 0.00,
10.00),
(47, 74, 34, 3, '2025-02-05', '2025-03-05', '2025-03-05', 0.00,
0.00),
(48, 80, 36, 4, '2025-03-10', '2025-04-10', '2025-04-13', 0.00,
15.00),
(49, 86, 38, 1, '2025-01-15', '2025-02-15', '2025-02-17', 425.00,
10.00),
(50, 92, 41, 2, '2025-02-20', '2025-03-20', '2025-03-25', 833.00,
25.00),
(51, 98, 42, 3, '2025-03-25', '2025-04-25', NULL, 0.00, 0.00),
(52, 104, 44, 4, '2025-01-30', '2025-02-28', '2025-03-03',
297.50, 25.00),
(53, 110, 48, 1, '2025-02-05', '2025-03-05', '2025-03-05', 0.00,
0.00),
(54, 14, 2, 2, '2025-01-05', '2025-02-05', NULL, 0.00, 0.00),
(55, 30, 2, 3, '2025-03-10', '2025-04-10', NULL, 0.00, 0.00),
(56, 7, 13, 1, '2025-01-15', '2025-02-15', NULL, 930.00, 0.00),
(57, 92, 13, 4, '2025-02-20', '2025-03-20', NULL, 833.00, 0.00),
(58, 81, 23, 2, '2025-01-10', '2025-02-10', NULL, 0.00, 0.00),
(59, 101, 23, 3, '2025-03-05', '2025-04-05', NULL, 2700.00,
0.00),
(60, 33, 3, 1, '2025-01-20', '2025-02-20', NULL, 0.00, 0.00),
(61, 64, 3, 4, '2025-03-01', '2025-04-01', NULL, 0.00, 0.00),
(62, 17, 6, 2, '2025-02-05', '2025-03-05', NULL, 1550.00, 0.00),
(63, 71, 6, 3, '2025-04-01', '2025-05-01', NULL, 2500.00, 0.00),
(64, 44, 7, 1, '2025-01-25', '2025-02-25', NULL, 0.00, 0.00),
(65, 89, 7, 4, '2025-03-15', '2025-04-15', NULL, 0.00, 0.00),
(66, 51, 10, 2, '2025-02-10', '2025-03-10', NULL, 0.00, 0.00),
(67, 107, 10, 3, '2025-04-05', '2025-05-05', NULL, 0.00, 0.00),
(68, 38, 21, 1, '2025-01-30', '2025-02-28', NULL, 0.00, 0.00),
(69, 96, 21, 4, '2025-03-20', '2025-04-20', NULL, 4000.00, 0.00),
(70, 53, 30, 2, '2025-02-15', '2025-03-15', NULL, 0.00, 0.00),
(71, 108, 30, 3, '2025-04-10', '2025-05-10', NULL, 1844.50,
0.00),
(72, 60, 35, 1, '2025-01-05', '2025-02-05', NULL, 0.00, 0.00),
(73, 112, 35, 4, '2025-03-01', '2025-04-01', NULL, 0.00, 0.00),
(74, 77, 37, 2, '2025-02-20', '2025-03-20', NULL, 0.00, 0.00),
(75, 115, 37, 3, '2025-04-15', '2025-05-15', NULL, 1844.50,
0.00),
(76, 84, 46, 1, '2025-01-15', '2025-02-15', NULL, 0.00, 0.00),
(77, 117, 46, 4, '2025-03-10', '2025-04-10', NULL, 0.00, 0.00),
(78, 91, 50, 2, '2025-02-01', '2025-03-01', NULL, 510.00, 0.00),
(79, 114, 50, 3, '2025-04-01', '2025-05-01', NULL, 0.00, 0.00),
(80, 12, 10, 3, '2025-02-10', '2025-03-10', NULL, 0.00, 0.00),
(81, 27, 20, 1, '2025-01-20', '2025-02-20', NULL, 0.00, 0.00),
(82, 66, 40, 1, '2025-02-20', '2025-03-20', NULL, 1054.00, 0.00),
(83, 97, 10, 1, '2025-03-10', '2025-04-10', NULL, 5270.00, 0.00),


(84, 106, 15, 2, '2025-01-15', '2025-02-15', NULL, 2635.00,
0.00),
(85, 107, 20, 3, '2025-02-20', '2025-03-20', NULL, 1844.50,
0.00);

INSERT INTO specializations (specialization_id,
specialization_name)
VALUES
(1, 'Прикладная информатика'),
(2, 'Информационные системы и технологии'),
(3, 'Программная инженерия'),
(4, 'Биология'),
(5, 'Физика'),
(6, 'Химия'),
(7, 'Информатика'),
(8, 'Библиотекарь'),
(9, 'Инженер'),
(10, 'Философия'),
(11, 'Экономика'),
(12, 'Отсутствует'),
(13, 'История'),
(14, 'Филология'),
(15, 'Медицинский работник'),
(16, 'Гос. служащий'),
(17, 'Социальный работник');

INSERT INTO specialization_occupation (characteristic_id,
occupation_id, specialization_id)
VALUES
(1, 1, 1),
(12, 2, 1),
(21, 3, 1),
(27, 4, 12),
(28, 5, 9),
(31, 6, 12),
(33, 7, 12),
(34, 8, 9),
(36, 9, 12);
